facttid,time_id,match_id,league_id,club_id,country_id,apperances,wins,losts,drawn,networth
FT00001,T001,M01,L03,CL01,NA,8,7,0,1,745634
FT00002,T002,M01,L03,CL01,NA,8,2,1,5,745634
FT00003,T003,M01,L03,CL01,NA,8,6,1,1,745634
FT00004,T004,M01,L03,CL01,NA,8,6,1,1,745634
FT00005,T005,M01,L03,CL01,NA,8,4,3,1,745634
FT00006,T006,M01,L03,CL01,NA,8,2,3,3,745634
FT00007,T007,M01,L03,CL01,NA,8,6,0,2,745634
FT00008,T008,M01,L03,CL01,NA,8,5,3,0,745634
FT00009,T009,M01,L03,CL01,NA,8,4,2,2,745634
FT00010,T010,M01,L03,CL01,NA,8,7,0,1,745634
FT00011,T011,M01,L03,CL01,NA,8,5,3,0,745634
FT00012,T012,M01,L03,CL01,NA,8,7,1,0,745634
FT00013,T013,M01,L03,CL01,NA,8,7,1,0,563466
FT00014,T014,M01,L03,CL01,NA,8,1,2,5,563466
FT00015,T015,M01,L03,CL01,NA,8,3,3,2,563466
FT00016,T016,M01,L03,CL01,NA,8,0,5,3,563466
FT00017,T017,M01,L03,CL01,NA,8,0,2,6,563466
FT00018,T018,M01,L03,CL01,NA,8,8,0,0,563466
FT00019,T019,M01,L03,CL01,NA,8,7,0,1,563466
FT00020,T020,M01,L03,CL01,NA,8,7,0,1,563466
FT00021,T021,M01,L03,CL01,NA,8,1,2,5,563466
FT00022,T022,M01,L03,CL01,NA,8,2,3,3,563466
FT00023,T023,M01,L03,CL01,NA,8,5,0,3,563466
FT00024,T024,M01,L03,CL01,NA,8,6,2,0,563466
FT00025,T025,M01,L03,CL01,NA,8,6,2,0,567856
FT00026,T026,M01,L03,CL01,NA,8,5,1,2,567856
FT00027,T027,M01,L03,CL01,NA,8,6,0,2,567856
FT00028,T028,M01,L03,CL01,NA,8,5,1,2,567856
FT00029,T029,M01,L03,CL01,NA,8,1,3,4,567856
FT00030,T030,M01,L03,CL01,NA,8,1,2,5,567856
FT00031,T031,M01,L03,CL01,NA,8,3,3,2,567856
FT00032,T032,M01,L03,CL01,NA,8,1,4,3,567856
FT00033,T033,M01,L03,CL01,NA,8,1,3,4,567856
FT00034,T034,M01,L03,CL01,NA,8,3,3,2,567856
FT00035,T035,M01,L03,CL01,NA,8,3,3,2,567856
FT00036,T036,M01,L03,CL01,NA,8,5,1,2,567856
FT00037,T001,M01,L02,CL02,NA,8,2,5,1,756734
FT00038,T002,M01,L02,CL02,NA,8,6,1,1,756734
FT00039,T003,M01,L02,CL02,NA,8,5,1,2,756734
FT00040,T004,M01,L02,CL02,NA,8,3,1,4,756734
FT00041,T005,M01,L02,CL02,NA,8,3,2,3,756734
FT00042,T006,M01,L02,CL02,NA,8,8,0,0,756734
FT00043,T007,M01,L02,CL02,NA,8,4,3,1,756734
FT00044,T008,M01,L02,CL02,NA,8,2,3,3,756734
FT00045,T009,M01,L02,CL02,NA,8,4,3,1,756734
FT00046,T010,M01,L02,CL02,NA,8,6,0,2,756734
FT00047,T011,M01,L02,CL02,NA,8,2,2,4,756734
FT00048,T012,M01,L02,CL02,NA,8,6,2,0,756734
FT00049,T013,M01,L02,CL02,NA,8,2,3,3,634633
FT00050,T014,M01,L02,CL02,NA,8,4,3,1,634633
FT00051,T015,M01,L02,CL02,NA,8,7,0,1,634633
FT00052,T016,M01,L02,CL02,NA,8,4,3,1,634633
FT00053,T017,M01,L02,CL02,NA,8,0,1,7,634633
FT00054,T018,M01,L02,CL02,NA,8,1,0,7,634633
FT00055,T019,M01,L02,CL02,NA,8,1,3,4,634633
FT00056,T020,M01,L02,CL02,NA,8,1,5,2,634633
FT00057,T021,M01,L02,CL02,NA,8,2,2,4,634633
FT00058,T022,M01,L02,CL02,NA,8,7,0,1,634633
FT00059,T023,M01,L02,CL02,NA,8,1,5,2,634633
FT00060,T024,M01,L02,CL02,NA,8,5,2,1,634633
FT00061,T025,M01,L02,CL02,NA,8,5,3,0,756007
FT00062,T026,M01,L02,CL02,NA,8,5,1,2,756007
FT00063,T027,M01,L02,CL02,NA,8,2,1,5,756007
FT00064,T028,M01,L02,CL02,NA,8,4,2,2,756007
FT00065,T029,M01,L02,CL02,NA,8,2,1,5,756007
FT00066,T030,M01,L02,CL02,NA,8,1,5,2,756007
FT00067,T031,M01,L02,CL02,NA,8,3,2,3,756007
FT00068,T032,M01,L02,CL02,NA,8,1,3,4,756007
FT00069,T033,M01,L02,CL02,NA,8,4,3,1,756007
FT00070,T034,M01,L02,CL02,NA,8,7,0,1,756007
FT00071,T035,M01,L02,CL02,NA,8,3,2,3,756007
FT00072,T036,M01,L02,CL02,NA,8,1,4,3,756007
FT00073,T001,M01,L02,CL03,NA,8,1,6,1,563466
FT00074,T002,M01,L02,CL03,NA,8,7,1,0,563466
FT00075,T003,M01,L02,CL03,NA,8,0,3,5,563466
FT00076,T004,M01,L02,CL03,NA,8,2,3,3,563466
FT00077,T005,M01,L02,CL03,NA,8,2,3,3,563466
FT00078,T006,M01,L02,CL03,NA,8,3,4,1,563466
FT00079,T007,M01,L02,CL03,NA,8,5,3,0,563466
FT00080,T008,M01,L02,CL03,NA,8,7,1,0,563466
FT00081,T009,M01,L02,CL03,NA,8,6,2,0,563466
FT00082,T010,M01,L02,CL03,NA,8,0,3,5,563466
FT00083,T011,M01,L02,CL03,NA,8,5,0,3,563466
FT00084,T012,M01,L02,CL03,NA,8,4,0,4,563466
FT00085,T013,M01,L02,CL03,NA,8,7,0,1,456344
FT00086,T014,M01,L02,CL03,NA,8,5,3,0,456344
FT00087,T015,M01,L02,CL03,NA,8,2,2,4,456344
FT00088,T016,M01,L02,CL03,NA,8,3,3,2,456344
FT00089,T017,M01,L02,CL03,NA,8,1,3,4,456344
FT00090,T018,M01,L02,CL03,NA,8,2,3,3,456344
FT00091,T019,M01,L02,CL03,NA,8,5,0,3,456344
FT00092,T020,M01,L02,CL03,NA,8,4,3,1,456344
FT00093,T021,M01,L02,CL03,NA,8,5,2,1,456344
FT00094,T022,M01,L02,CL03,NA,8,5,3,0,456344
FT00095,T023,M01,L02,CL03,NA,8,4,2,2,456344
FT00096,T024,M01,L02,CL03,NA,8,6,0,2,456344
FT00097,T025,M01,L02,CL03,NA,8,7,0,1,576453
FT00098,T026,M01,L02,CL03,NA,8,7,0,1,576453
FT00099,T027,M01,L02,CL03,NA,8,3,3,2,576453
FT00100,T028,M01,L02,CL03,NA,8,1,5,2,576453
FT00101,T029,M01,L02,CL03,NA,8,3,3,2,576453
FT00102,T030,M01,L02,CL03,NA,8,8,0,0,576453
FT00103,T031,M01,L02,CL03,NA,8,2,4,2,576453
FT00104,T032,M01,L02,CL03,NA,8,3,2,3,576453
FT00105,T033,M01,L02,CL03,NA,8,2,3,3,576453
FT00106,T034,M01,L02,CL03,NA,8,6,0,2,576453
FT00107,T035,M01,L02,CL03,NA,8,4,3,1,576453
FT00108,T036,M01,L02,CL03,NA,8,2,3,3,576453
FT00109,T001,M01,L03,CL04,NA,8,3,2,3,456344
FT00110,T002,M01,L03,CL04,NA,8,6,2,0,456344
FT00111,T003,M01,L03,CL04,NA,8,5,2,1,456344
FT00112,T004,M01,L03,CL04,NA,8,5,2,1,456344
FT00113,T005,M01,L03,CL04,NA,8,1,7,0,456344
FT00114,T006,M01,L03,CL04,NA,8,0,6,2,456344
FT00115,T007,M01,L03,CL04,NA,8,1,5,2,456344
FT00116,T008,M01,L03,CL04,NA,8,2,5,1,456344
FT00117,T009,M01,L03,CL04,NA,8,2,3,3,456344
FT00118,T010,M01,L03,CL04,NA,8,2,2,4,456344
FT00119,T011,M01,L03,CL04,NA,8,0,6,2,456344
FT00120,T012,M01,L03,CL04,NA,8,2,2,4,456344
FT00121,T013,M01,L03,CL04,NA,8,5,2,1,756745
FT00122,T014,M01,L03,CL04,NA,8,0,8,0,756745
FT00123,T015,M01,L03,CL04,NA,8,1,5,2,756745
FT00124,T016,M01,L03,CL04,NA,8,4,2,2,756745
FT00125,T017,M01,L03,CL04,NA,8,3,1,4,756745
FT00126,T018,M01,L03,CL04,NA,8,4,3,1,756745
FT00127,T019,M01,L03,CL04,NA,8,4,2,2,756745
FT00128,T020,M01,L03,CL04,NA,8,6,2,2,756745
FT00129,T021,M01,L03,CL04,NA,8,4,3,1,756745
FT00130,T022,M01,L03,CL04,NA,8,7,0,1,756745
FT00131,T023,M01,L03,CL04,NA,8,3,5,0,756745
FT00132,T024,M01,L03,CL04,NA,8,3,2,3,756745
FT00133,T025,M01,L03,CL04,NA,8,2,3,3,978976
FT00134,T026,M01,L03,CL04,NA,8,2,3,3,978976
FT00135,T027,M01,L03,CL04,NA,8,5,0,3,978976
FT00136,T028,M01,L03,CL04,NA,8,1,3,4,978976
FT00137,T029,M01,L03,CL04,NA,8,4,2,2,978976
FT00138,T030,M01,L03,CL04,NA,8,2,2,4,978976
FT00139,T031,M01,L03,CL04,NA,8,4,2,2,978976
FT00140,T032,M01,L03,CL04,NA,8,6,2,0,978976
FT00141,T033,M01,L03,CL04,NA,8,7,0,1,978976
FT00142,T034,M01,L03,CL04,NA,8,5,3,0,978976
FT00143,T035,M01,L03,CL04,NA,8,2,3,3,978976
FT00144,T036,M01,L03,CL04,NA,8,1,1,6,978976
FT00145,T001,M01,L03,CL05,NA,8,1,5,2,634633
FT00146,T002,M01,L03,CL05,NA,8,1,5,2,634633
FT00147,T003,M01,L03,CL05,NA,8,0,4,4,634633
FT00148,T004,M01,L03,CL05,NA,8,3,5,0,634633
FT00149,T005,M01,L03,CL05,NA,8,7,0,1,634633
FT00150,T006,M01,L03,CL05,NA,8,3,5,0,634633
FT00151,T007,M01,L03,CL05,NA,8,4,4,0,634633
FT00152,T008,M01,L03,CL05,NA,8,3,1,4,634633
FT00153,T009,M01,L03,CL05,NA,8,3,3,2,634633
FT00154,T010,M01,L03,CL05,NA,8,4,2,2,634633
FT00155,T011,M01,L03,CL05,NA,8,4,3,1,634633
FT00156,T012,M01,L03,CL05,NA,8,4,2,2,634633
FT00157,T013,M01,L03,CL05,NA,8,1,3,4,346456
FT00158,T014,M01,L03,CL05,NA,8,2,4,2,346456
FT00159,T015,M01,L03,CL05,NA,8,4,2,2,346456
FT00160,T016,M01,L03,CL05,NA,8,5,2,1,346456
FT00161,T017,M01,L03,CL05,NA,8,1,4,3,346456
FT00162,T018,M01,L03,CL05,NA,8,5,1,2,346456
FT00163,T019,M01,L03,CL05,NA,8,2,3,3,346456
FT00164,T020,M01,L03,CL05,NA,8,5,1,2,346456
FT00165,T021,M01,L03,CL05,NA,8,5,2,1,346456
FT00166,T022,M01,L03,CL05,NA,8,0,5,3,346456
FT00167,T023,M01,L03,CL05,NA,8,4,2,2,346456
FT00168,T024,M01,L03,CL05,NA,8,4,4,0,346456
FT00169,T025,M01,L03,CL05,NA,8,8,0,0,465634
FT00170,T026,M01,L03,CL05,NA,8,0,3,5,465634
FT00171,T027,M01,L03,CL05,NA,8,3,3,2,465634
FT00172,T028,M01,L03,CL05,NA,8,3,3,2,465634
FT00173,T029,M01,L03,CL05,NA,8,3,5,0,465634
FT00174,T030,M01,L03,CL05,NA,8,3,3,2,465634
FT00175,T031,M01,L03,CL05,NA,8,1,2,5,465634
FT00176,T032,M01,L03,CL05,NA,8,7,1,0,465634
FT00177,T033,M01,L03,CL05,NA,8,5,1,2,465634
FT00178,T034,M01,L03,CL05,NA,8,6,1,1,465634
FT00179,T035,M01,L03,CL05,NA,8,6,2,0,465634
FT00180,T036,M01,L03,CL05,NA,8,3,5,0,465634
FT00181,T001,M01,L01,CL06,NA,8,1,3,4,567457
FT00182,T002,M01,L01,CL06,NA,8,4,2,2,567457
FT00183,T003,M01,L01,CL06,NA,8,3,3,2,567457
FT00184,T004,M01,L01,CL06,NA,8,1,5,2,567457
FT00185,T005,M01,L01,CL06,NA,8,1,5,2,567457
FT00186,T006,M01,L01,CL06,NA,8,7,0,1,567457
FT00187,T007,M01,L01,CL06,NA,8,4,3,1,567457
FT00188,T008,M01,L01,CL06,NA,8,2,5,1,567457
FT00189,T009,M01,L01,CL06,NA,8,5,2,1,567457
FT00190,T010,M01,L01,CL06,NA,8,5,1,2,567457
FT00191,T011,M01,L01,CL06,NA,8,6,2,0,567457
FT00192,T012,M01,L01,CL06,NA,8,4,2,2,567457
FT00193,T013,M01,L01,CL06,NA,8,3,3,2,636466
FT00194,T014,M01,L01,CL06,NA,8,3,3,2,636466
FT00195,T015,M01,L01,CL06,NA,8,2,3,3,636466
FT00196,T016,M01,L01,CL06,NA,8,8,0,0,636466
FT00197,T017,M01,L01,CL06,NA,8,3,3,2,636466
FT00198,T018,M01,L01,CL06,NA,8,7,0,1,636466
FT00199,T019,M01,L01,CL06,NA,8,4,3,1,636466
FT00200,T020,M01,L01,CL06,NA,8,6,1,1,636466
FT00201,T021,M01,L01,CL06,NA,8,8,0,0,636466
FT00202,T022,M01,L01,CL06,NA,8,3,3,2,636466
FT00203,T023,M01,L01,CL06,NA,8,4,2,2,636466
FT00204,T024,M01,L01,CL06,NA,8,6,0,2,636466
FT00205,T025,M01,L01,CL06,NA,8,6,2,0,457635
FT00206,T026,M01,L01,CL06,NA,8,0,6,2,457635
FT00207,T027,M01,L01,CL06,NA,8,6,2,0,457635
FT00208,T028,M01,L01,CL06,NA,8,3,4,1,457635
FT00209,T029,M01,L01,CL06,NA,8,3,3,2,457635
FT00210,T030,M01,L01,CL06,NA,8,4,4,0,457635
FT00211,T031,M01,L01,CL06,NA,8,1,3,4,457635
FT00212,T032,M01,L01,CL06,NA,8,3,5,0,457635
FT00213,T033,M01,L01,CL06,NA,8,4,4,0,457635
FT00214,T034,M01,L01,CL06,NA,8,1,3,4,457635
FT00215,T035,M01,L01,CL06,NA,8,0,3,5,457635
FT00216,T036,M01,L01,CL06,NA,8,2,1,5,457635
FT00217,T001,M01,L01,CL07,NA,8,3,2,3,457645
FT00218,T002,M01,L01,CL07,NA,8,6,2,4,457645
FT00219,T003,M01,L01,CL07,NA,8,5,2,1,457645
FT00220,T004,M01,L01,CL07,NA,8,8,0,0,457645
FT00221,T005,M01,L01,CL07,NA,8,3,2,3,457645
FT00222,T006,M01,L01,CL07,NA,8,3,2,3,457645
FT00223,T007,M01,L01,CL07,NA,8,2,5,1,457645
FT00224,T008,M01,L01,CL07,NA,8,1,5,2,457645
FT00225,T009,M01,L01,CL07,NA,8,4,3,1,457645
FT00226,T010,M01,L01,CL07,NA,8,7,0,1,457645
FT00227,T011,M01,L01,CL07,NA,8,1,5,2,457645
FT00228,T012,M01,L01,CL07,NA,8,2,1,5,457645
FT00229,T013,M01,L01,CL07,NA,8,7,0,1,645634
FT00230,T014,M01,L01,CL07,NA,8,2,3,3,645634
FT00231,T015,M01,L01,CL07,NA,8,6,1,1,645634
FT00232,T016,M01,L01,CL07,NA,8,7,1,0,645634
FT00233,T017,M01,L01,CL07,NA,8,5,0,3,645634
FT00234,T018,M01,L01,CL07,NA,8,8,0,0,645634
FT00235,T019,M01,L01,CL07,NA,8,2,2,4,645634
FT00236,T020,M01,L01,CL07,NA,8,4,2,2,645634
FT00237,T021,M01,L01,CL07,NA,8,7,1,0,645634
FT00238,T022,M01,L01,CL07,NA,8,4,3,1,645634
FT00239,T023,M01,L01,CL07,NA,8,7,1,0,645634
FT00240,T024,M01,L01,CL07,NA,8,5,3,1,645634
FT00241,T025,M01,L01,CL07,NA,8,1,3,4,457457
FT00242,T026,M01,L01,CL07,NA,8,2,3,3,457457
FT00243,T027,M01,L01,CL07,NA,8,2,3,3,457457
FT00244,T028,M01,L01,CL07,NA,8,5,3,0,457457
FT00245,T029,M01,L01,CL07,NA,8,2,3,3,457457
FT00246,T030,M01,L01,CL07,NA,8,6,0,2,457457
FT00247,T031,M01,L01,CL07,NA,8,5,2,1,457457
FT00248,T032,M01,L01,CL07,NA,8,4,1,3,457457
FT00249,T033,M01,L01,CL07,NA,8,3,3,2,457457
FT00250,T034,M01,L01,CL07,NA,8,5,2,1,457457
FT00251,T035,M01,L01,CL07,NA,8,6,1,1,457457
FT00252,T036,M01,L01,CL07,NA,8,7,1,0,457457
FT00253,T001,M01,L02,CL08,NA,8,3,2,3,785674
FT00254,T002,M01,L02,CL08,NA,8,4,1,3,785674
FT00255,T003,M01,L02,CL08,NA,8,7,0,1,785674
FT00256,T004,M01,L02,CL08,NA,8,6,3,1,785674
FT00257,T005,M01,L02,CL08,NA,8,1,1,6,785674
FT00258,T006,M01,L02,CL08,NA,8,5,2,1,785674
FT00259,T007,M01,L02,CL08,NA,8,8,0,0,785674
FT00260,T008,M01,L02,CL08,NA,8,3,3,2,785674
FT00261,T009,M01,L02,CL08,NA,8,5,3,0,785674
FT00262,T010,M01,L02,CL08,NA,8,3,2,3,785674
FT00263,T011,M01,L02,CL08,NA,8,1,4,3,785674
FT00264,T012,M01,L02,CL08,NA,8,5,3,0,785674
FT00265,T013,M01,L02,CL08,NA,8,3,3,2,456354
FT00266,T014,M01,L02,CL08,NA,8,6,0,2,456354
FT00267,T015,M01,L02,CL08,NA,8,4,3,1,456354
FT00268,T016,M01,L02,CL08,NA,8,6,2,0,456354
FT00269,T017,M01,L02,CL08,NA,8,4,0,4,456354
FT00270,T018,M01,L02,CL08,NA,8,7,0,1,456354
FT00271,T019,M01,L02,CL08,NA,8,4,3,1,456354
FT00272,T020,M01,L02,CL08,NA,8,3,3,2,456354
FT00273,T021,M01,L02,CL08,NA,8,1,0,7,456354
FT00274,T022,M01,L02,CL08,NA,8,3,3,2,456354
FT00275,T023,M01,L02,CL08,NA,8,5,2,1,456354
FT00276,T024,M01,L02,CL08,NA,8,4,3,1,456354
FT00277,T025,M01,L02,CL08,NA,8,1,3,4,870034
FT00278,T026,M01,L02,CL08,NA,8,0,8,0,870034
FT00279,T027,M01,L02,CL08,NA,8,4,0,4,870034
FT00280,T028,M01,L02,CL08,NA,8,3,3,2,870034
FT00281,T029,M01,L02,CL08,NA,8,4,2,2,870034
FT00282,T030,M01,L02,CL08,NA,8,5,0,3,870034
FT00283,T031,M01,L02,CL08,NA,8,0,7,1,870034
FT00284,T032,M01,L02,CL08,NA,8,0,6,2,870034
FT00285,T033,M01,L02,CL08,NA,8,1,3,4,870034
FT00286,T034,M01,L02,CL08,NA,8,1,4,3,870034
FT00287,T035,M01,L02,CL08,NA,8,5,0,3,870034
FT00288,T036,M01,L02,CL08,NA,8,6,1,1,870034
FT00289,T001,M01,L01,CL09,NA,8,0,6,2,564563
FT00290,T002,M01,L01,CL09,NA,8,7,1,0,564563
FT00291,T003,M01,L01,CL09,NA,8,2,5,1,564563
FT00292,T004,M01,L01,CL09,NA,8,2,1,5,564563
FT00293,T005,M01,L01,CL09,NA,8,2,4,2,564563
FT00294,T006,M01,L01,CL09,NA,8,5,1,2,564563
FT00295,T007,M01,L01,CL09,NA,8,6,0,2,564563
FT00296,T008,M01,L01,CL09,NA,8,7,0,1,564563
FT00297,T009,M01,L01,CL09,NA,8,6,0,2,564563
FT00298,T010,M01,L01,CL09,NA,8,6,0,2,564563
FT00299,T011,M01,L01,CL09,NA,8,0,5,3,564563
FT00300,T012,M01,L01,CL09,NA,8,6,2,0,564563
FT00301,T013,M01,L01,CL09,NA,8,5,3,0,346346
FT00302,T014,M01,L01,CL09,NA,8,4,2,2,346346
FT00303,T015,M01,L01,CL09,NA,8,0,6,2,346346
FT00304,T016,M01,L01,CL09,NA,8,5,2,1,346346
FT00305,T017,M01,L01,CL09,NA,8,4,3,1,346346
FT00306,T018,M01,L01,CL09,NA,8,2,3,3,346346
FT00307,T019,M01,L01,CL09,NA,8,6,2,0,346346
FT00308,T020,M01,L01,CL09,NA,8,7,1,0,346346
FT00309,T021,M01,L01,CL09,NA,8,6,0,2,346346
FT00310,T022,M01,L01,CL09,NA,8,2,2,4,346346
FT00311,T023,M01,L01,CL09,NA,8,3,4,1,346346
FT00312,T024,M01,L01,CL09,NA,8,1,3,4,346346
FT00313,T025,M01,L01,CL09,NA,8,0,4,4,567567
FT00314,T026,M01,L01,CL09,NA,8,8,0,0,567567
FT00315,T027,M01,L01,CL09,NA,8,4,1,3,567567
FT00316,T028,M01,L01,CL09,NA,8,1,6,1,567567
FT00317,T029,M01,L01,CL09,NA,8,6,0,2,567567
FT00318,T030,M01,L01,CL09,NA,8,0,5,3,567567
FT00319,T031,M01,L01,CL09,NA,8,4,3,1,567567
FT00320,T032,M01,L01,CL09,NA,8,7,1,0,567567
FT00321,T033,M01,L01,CL09,NA,8,6,1,1,567567
FT00322,T034,M01,L01,CL09,NA,8,2,3,3,567567
FT00323,T035,M01,L01,CL09,NA,8,2,5,1,567567
FT00324,T036,M01,L01,CL09,NA,8,3,3,2,567567
FT00325,T001,M01,L02,CL10,NA,8,0,6,2,567455
FT00326,T002,M01,L02,CL10,NA,8,4,3,1,567455
FT00327,T003,M01,L02,CL10,NA,8,4,3,1,567455
FT00328,T004,M01,L02,CL10,NA,8,3,1,4,567455
FT00329,T005,M01,L02,CL10,NA,8,1,5,2,567455
FT00330,T006,M01,L02,CL10,NA,8,6,2,0,567455
FT00331,T007,M01,L02,CL10,NA,8,3,3,2,567455
FT00332,T008,M01,L02,CL10,NA,8,5,0,3,567455
FT00333,T009,M01,L02,CL10,NA,8,2,3,3,567455
FT00334,T010,M01,L02,CL10,NA,8,1,5,2,567455
FT00335,T011,M01,L02,CL10,NA,8,2,3,3,567455
FT00336,T012,M01,L02,CL10,NA,8,0,3,5,567455
FT00337,T013,M01,L02,CL10,NA,8,4,2,2,745634
FT00338,T014,M01,L02,CL10,NA,8,3,3,2,745634
FT00339,T015,M01,L02,CL10,NA,8,6,0,2,745634
FT00340,T016,M01,L02,CL10,NA,8,7,1,0,745634
FT00341,T017,M01,L02,CL10,NA,8,4,2,2,745634
FT00342,T018,M01,L02,CL10,NA,8,1,3,4,745634
FT00343,T019,M01,L02,CL10,NA,8,4,3,1,745634
FT00344,T020,M01,L02,CL10,NA,8,3,5,0,745634
FT00345,T021,M01,L02,CL10,NA,8,4,3,1,745634
FT00346,T022,M01,L02,CL10,NA,8,6,2,0,745634
FT00347,T023,M01,L02,CL10,NA,8,7,0,1,745634
FT00348,T024,M01,L02,CL10,NA,8,3,1,4,745634
FT00349,T025,M01,L02,CL10,NA,8,1,3,4,345233
FT00350,T026,M01,L02,CL10,NA,8,2,4,2,345233
FT00351,T027,M01,L02,CL10,NA,8,1,3,4,345233
FT00352,T028,M01,L02,CL10,NA,8,5,3,0,345233
FT00353,T029,M01,L02,CL10,NA,8,6,1,1,345233
FT00354,T030,M01,L02,CL10,NA,8,4,3,1,345233
FT00355,T031,M01,L02,CL10,NA,8,4,3,1,345233
FT00356,T032,M01,L02,CL10,NA,8,2,3,3,345233
FT00357,T033,M01,L02,CL10,NA,8,6,1,1,345233
FT00358,T034,M01,L02,CL10,NA,8,5,1,2,345233
FT00359,T035,M01,L02,CL10,NA,8,5,2,1,345233
FT00360,T036,M01,L02,CL10,NA,8,1,3,4,345233
FT00361,T001,M01,L01,CL11,NA,8,7,0,1,346346
FT00362,T002,M01,L01,CL11,NA,8,5,2,1,346346
FT00363,T003,M01,L01,CL11,NA,8,6,1,1,346346
FT00364,T004,M01,L01,CL11,NA,8,3,3,2,346346
FT00365,T005,M01,L01,CL11,NA,8,7,1,0,346346
FT00366,T006,M01,L01,CL11,NA,8,5,3,0,346346
FT00367,T007,M01,L01,CL11,NA,8,5,1,2,346346
FT00368,T008,M01,L01,CL11,NA,8,5,2,1,346346
FT00369,T009,M01,L01,CL11,NA,8,4,2,2,346346
FT00370,T010,M01,L01,CL11,NA,8,0,5,3,346346
FT00371,T011,M01,L01,CL11,NA,8,1,3,4,346346
FT00372,T012,M01,L01,CL11,NA,8,5,2,1,346346
FT00373,T013,M01,L01,CL11,NA,8,2,4,2,346456
FT00374,T014,M01,L01,CL11,NA,8,0,5,3,346456
FT00375,T015,M01,L01,CL11,NA,8,7,0,1,346456
FT00376,T016,M01,L01,CL11,NA,8,7,0,1,346456
FT00377,T017,M01,L01,CL11,NA,8,1,3,4,346456
FT00378,T018,M01,L01,CL11,NA,8,7,1,0,346456
FT00379,T019,M01,L01,CL11,NA,8,5,2,1,346456
FT00380,T020,M01,L01,CL11,NA,8,7,1,0,346456
FT00381,T021,M01,L01,CL11,NA,8,4,0,4,346456
FT00382,T022,M01,L01,CL11,NA,8,1,3,4,346456
FT00383,T023,M01,L01,CL11,NA,8,7,0,1,346456
FT00384,T024,M01,L01,CL11,NA,8,3,0,5,346456
FT00385,T025,M01,L01,CL11,NA,8,6,1,1,567455
FT00386,T026,M01,L01,CL11,NA,8,5,2,1,567455
FT00387,T027,M01,L01,CL11,NA,8,2,2,4,567455
FT00388,T028,M01,L01,CL11,NA,8,5,3,0,567455
FT00389,T029,M01,L01,CL11,NA,8,6,1,1,567455
FT00390,T030,M01,L01,CL11,NA,8,1,3,4,567455
FT00391,T031,M01,L01,CL11,NA,8,3,2,3,567455
FT00392,T032,M01,L01,CL11,NA,8,0,3,5,567455
FT00393,T033,M01,L01,CL11,NA,8,7,1,0,567455
FT00394,T034,M01,L01,CL11,NA,8,4,2,2,567455
FT00395,T035,M01,L01,CL11,NA,8,2,5,1,567455
FT00396,T036,M01,L01,CL11,NA,8,1,5,2,567455
FT00397,T001,M01,L01,CL12,NA,8,3,3,2,756745
FT00398,T002,M01,L01,CL12,NA,8,2,5,1,756745
FT00399,T003,M01,L01,CL12,NA,8,1,5,2,756745
FT00400,T004,M01,L01,CL12,NA,8,7,0,1,756745
FT00401,T005,M01,L01,CL12,NA,8,4,1,3,756745
FT00402,T006,M01,L01,CL12,NA,8,2,3,3,756745
FT00403,T007,M01,L01,CL12,NA,8,7,0,1,756745
FT00404,T008,M01,L01,CL12,NA,8,6,1,1,756745
FT00405,T009,M01,L01,CL12,NA,8,2,5,1,756745
FT00406,T010,M01,L01,CL12,NA,8,3,4,1,756745
FT00407,T011,M01,L01,CL12,NA,8,5,1,2,756745
FT00408,T012,M01,L01,CL12,NA,8,8,0,0,756745
FT00409,T013,M01,L01,CL12,NA,8,4,1,3,634623
FT00410,T014,M01,L01,CL12,NA,8,6,0,2,634623
FT00411,T015,M01,L01,CL12,NA,8,8,0,0,634623
FT00412,T016,M01,L01,CL12,NA,8,4,1,3,634623
FT00413,T017,M01,L01,CL12,NA,8,5,1,2,634623
FT00414,T018,M01,L01,CL12,NA,8,3,2,3,634623
FT00415,T019,M01,L01,CL12,NA,8,7,0,1,634623
FT00416,T020,M01,L01,CL12,NA,8,3,2,3,634623
FT00417,T021,M01,L01,CL12,NA,8,1,2,5,634623
FT00418,T022,M01,L01,CL12,NA,8,1,3,4,634623
FT00419,T023,M01,L01,CL12,NA,8,1,3,4,634623
FT00420,T024,M01,L01,CL12,NA,8,8,0,0,634623
FT00421,T025,M01,L01,CL12,NA,8,7,1,0,356346
FT00422,T026,M01,L01,CL12,NA,8,7,0,1,356346
FT00423,T027,M01,L01,CL12,NA,8,3,3,2,356346
FT00424,T028,M01,L01,CL12,NA,8,4,4,2,356346
FT00425,T029,M01,L01,CL12,NA,8,0,4,4,356346
FT00426,T030,M01,L01,CL12,NA,8,7,1,0,356346
FT00427,T031,M01,L01,CL12,NA,8,5,3,0,356346
FT00428,T032,M01,L01,CL12,NA,8,5,0,3,356346
FT00429,T033,M01,L01,CL12,NA,8,5,1,2,356346
FT00430,T034,M01,L01,CL12,NA,8,0,7,1,356346
FT00431,T035,M01,L01,CL12,NA,8,5,3,0,356346
FT00432,T036,M01,L01,CL12,NA,8,0,3,5,356346
FT00433,T001,M01,L01,CL13,NA,8,3,2,3,636466
FT00434,T002,M01,L01,CL13,NA,8,2,5,1,636466
FT00435,T003,M01,L01,CL13,NA,8,0,6,2,636466
FT00436,T004,M01,L01,CL13,NA,8,6,2,0,636466
FT00437,T005,M01,L01,CL13,NA,8,0,5,3,636466
FT00438,T006,M01,L01,CL13,NA,8,6,2,0,636466
FT00439,T007,M01,L01,CL13,NA,8,1,5,2,636466
FT00440,T008,M01,L01,CL13,NA,8,3,3,2,636466
FT00441,T009,M01,L01,CL13,NA,8,2,4,2,636466
FT00442,T010,M01,L01,CL13,NA,8,5,2,1,636466
FT00443,T011,M01,L01,CL13,NA,8,0,8,0,636466
FT00444,T012,M01,L01,CL13,NA,8,1,3,4,636466
FT00445,T013,M01,L01,CL13,NA,8,1,1,6,456354
FT00446,T014,M01,L01,CL13,NA,8,3,2,3,456354
FT00447,T015,M01,L01,CL13,NA,8,5,3,0,456354
FT00448,T016,M01,L01,CL13,NA,8,3,2,3,456354
FT00449,T017,M01,L01,CL13,NA,8,3,3,2,456354
FT00450,T018,M01,L01,CL13,NA,8,6,1,1,456354
FT00451,T019,M01,L01,CL13,NA,8,0,5,3,456354
FT00452,T020,M01,L01,CL13,NA,8,1,3,4,456354
FT00453,T021,M01,L01,CL13,NA,8,1,3,4,456354
FT00454,T022,M01,L01,CL13,NA,8,2,3,3,456354
FT00455,T023,M01,L01,CL13,NA,8,0,6,2,456354
FT00456,T024,M01,L01,CL13,NA,8,7,0,1,456354
FT00457,T025,M01,L01,CL13,NA,8,1,2,5,856847
FT00458,T026,M01,L01,CL13,NA,8,1,3,4,856847
FT00459,T027,M01,L01,CL13,NA,8,1,3,4,856847
FT00460,T028,M01,L01,CL13,NA,8,1,2,5,856847
FT00461,T029,M01,L01,CL13,NA,8,3,3,2,856847
FT00462,T030,M01,L01,CL13,NA,8,2,2,4,856847
FT00463,T031,M01,L01,CL13,NA,8,2,3,3,856847
FT00464,T032,M01,L01,CL13,NA,8,5,3,0,856847
FT00465,T033,M01,L01,CL13,NA,8,8,0,0,856847
FT00466,T034,M01,L01,CL13,NA,8,2,5,1,856847
FT00467,T035,M01,L01,CL13,NA,8,3,2,3,856847
FT00468,T036,M01,L01,CL13,NA,8,2,5,1,856847
FT00469,T001,M01,L03,CL14,NA,8,4,2,2,657677
FT00470,T002,M01,L03,CL14,NA,8,1,5,2,657677
FT00471,T003,M01,L03,CL14,NA,8,0,8,0,657677
FT00472,T004,M01,L03,CL14,NA,8,7,0,1,657677
FT00473,T005,M01,L03,CL14,NA,8,6,0,2,657677
FT00474,T006,M01,L03,CL14,NA,8,6,1,1,657677
FT00475,T007,M01,L03,CL14,NA,8,8,0,0,657677
FT00476,T008,M01,L03,CL14,NA,8,3,2,3,657677
FT00477,T009,M01,L03,CL14,NA,8,0,7,1,657677
FT00478,T010,M01,L03,CL14,NA,8,3,1,4,657677
FT00479,T011,M01,L03,CL14,NA,8,7,1,0,657677
FT00480,T012,M01,L03,CL14,NA,8,1,5,2,657677
FT00481,T013,M01,L03,CL14,NA,8,2,3,3,567457
FT00482,T014,M01,L03,CL14,NA,8,1,6,1,567457
FT00483,T015,M01,L03,CL14,NA,8,3,3,2,567457
FT00484,T016,M01,L03,CL14,NA,8,1,4,3,567457
FT00485,T017,M01,L03,CL14,NA,8,2,1,5,567457
FT00486,T018,M01,L03,CL14,NA,8,7,0,1,567457
FT00487,T019,M01,L03,CL14,NA,8,1,3,4,567457
FT00488,T020,M01,L03,CL14,NA,8,8,0,0,567457
FT00489,T021,M01,L03,CL14,NA,8,3,2,3,567457
FT00490,T022,M01,L03,CL14,NA,8,7,1,0,567457
FT00491,T023,M01,L03,CL14,NA,8,1,3,4,567457
FT00492,T024,M01,L03,CL14,NA,8,4,3,1,567457
FT00493,T025,M01,L03,CL14,NA,8,7,1,0,768946
FT00494,T026,M01,L03,CL14,NA,8,4,2,2,768946
FT00495,T027,M01,L03,CL14,NA,8,3,3,2,768946
FT00496,T028,M01,L03,CL14,NA,8,6,1,1,768946
FT00497,T029,M01,L03,CL14,NA,8,3,4,1,768946
FT00498,T030,M01,L03,CL14,NA,8,5,3,0,768946
FT00499,T031,M01,L03,CL14,NA,8,6,1,1,768946
FT00500,T032,M01,L03,CL14,NA,8,3,1,4,768946
FT00501,T033,M01,L03,CL14,NA,8,2,2,4,768946
FT00502,T034,M01,L03,CL14,NA,8,6,2,0,768946
FT00503,T035,M01,L03,CL14,NA,8,7,1,0,768946
FT00504,T036,M01,L03,CL14,NA,8,2,3,3,768946
FT00505,T001,M01,L02,CL15,NA,8,6,3,3,346456
FT00506,T002,M01,L02,CL15,NA,8,2,3,3,346456
FT00507,T003,M01,L02,CL15,NA,8,4,3,1,346456
FT00508,T004,M01,L02,CL15,NA,8,1,5,2,346456
FT00509,T005,M01,L02,CL15,NA,8,7,0,1,346456
FT00510,T006,M01,L02,CL15,NA,8,1,3,4,346456
FT00511,T007,M01,L02,CL15,NA,8,7,0,1,346456
FT00512,T008,M01,L02,CL15,NA,8,6,1,1,346456
FT00513,T009,M01,L02,CL15,NA,8,1,2,5,346456
FT00514,T010,M01,L02,CL15,NA,8,4,1,3,346456
FT00515,T011,M01,L02,CL15,NA,8,8,0,0,346456
FT00516,T012,M01,L02,CL15,NA,8,3,1,3,346456
FT00517,T013,M01,L02,CL15,NA,8,4,4,0,745634
FT00518,T014,M01,L02,CL15,NA,8,8,0,0,745634
FT00519,T015,M01,L02,CL15,NA,8,5,3,0,745634
FT00520,T016,M01,L02,CL15,NA,8,1,3,4,745634
FT00521,T017,M01,L02,CL15,NA,8,2,3,3,745634
FT00522,T018,M01,L02,CL15,NA,8,6,2,4,745634
FT00523,T019,M01,L02,CL15,NA,8,3,3,2,745634
FT00524,T020,M01,L02,CL15,NA,8,6,1,1,745634
FT00525,T021,M01,L02,CL15,NA,8,7,0,1,745634
FT00526,T022,M01,L02,CL15,NA,8,2,2,4,745634
FT00527,T023,M01,L02,CL15,NA,8,7,1,0,745634
FT00528,T024,M01,L02,CL15,NA,8,7,0,1,745634
FT00529,T025,M01,L02,CL15,NA,8,4,3,1,456645
FT00530,T026,M01,L02,CL15,NA,8,1,3,4,456645
FT00531,T027,M01,L02,CL15,NA,8,7,1,0,456645
FT00532,T028,M01,L02,CL15,NA,8,7,1,0,456645
FT00533,T029,M01,L02,CL15,NA,8,7,1,0,456645
FT00534,T030,M01,L02,CL15,NA,8,5,1,2,456645
FT00535,T031,M01,L02,CL15,NA,8,5,1,2,456645
FT00536,T032,M01,L02,CL15,NA,8,7,1,0,456645
FT00537,T033,M01,L02,CL15,NA,8,6,2,0,456645
FT00538,T034,M01,L02,CL15,NA,8,2,5,1,456645
FT00539,T035,M01,L02,CL15,NA,8,7,1,0,456645
FT00540,T036,M01,L02,CL15,NA,8,4,3,1,456645
FT00541,T001,M01,L03,CL16,NA,8,2,5,1,745634
FT00542,T002,M01,L03,CL16,NA,8,2,5,1,745634
FT00543,T003,M01,L03,CL16,NA,8,1,4,3,745634
FT00544,T004,M01,L03,CL16,NA,8,0,5,3,745634
FT00545,T005,M01,L03,CL16,NA,8,0,8,0,745634
FT00546,T006,M01,L03,CL16,NA,8,4,3,1,745634
FT00547,T007,M01,L03,CL16,NA,8,7,0,1,745634
FT00548,T008,M01,L03,CL16,NA,8,6,0,2,745634
FT00549,T009,M01,L03,CL16,NA,8,8,0,0,745634
FT00550,T010,M01,L03,CL16,NA,8,5,3,0,745634
FT00551,T011,M01,L03,CL16,NA,8,3,2,3,745634
FT00552,T012,M01,L03,CL16,NA,8,0,2,6,745634
FT00553,T013,M01,L03,CL16,NA,8,4,2,2,876654
FT00554,T014,M01,L03,CL16,NA,8,5,3,0,876654
FT00555,T015,M01,L03,CL16,NA,8,1,2,5,876654
FT00556,T016,M01,L03,CL16,NA,8,3,3,2,876654
FT00557,T017,M01,L03,CL16,NA,8,1,3,4,876654
FT00558,T018,M01,L03,CL16,NA,8,1,3,4,876654
FT00559,T019,M01,L03,CL16,NA,8,2,3,3,876654
FT00560,T020,M01,L03,CL16,NA,8,1,2,5,876654
FT00561,T021,M01,L03,CL16,NA,8,8,0,0,876654
FT00562,T022,M01,L03,CL16,NA,8,5,2,1,876654
FT00563,T023,M01,L03,CL16,NA,8,6,1,1,876654
FT00564,T024,M01,L03,CL16,NA,8,0,2,6,876654
FT00565,T025,M01,L03,CL16,NA,8,4,4,0,568787
FT00566,T026,M01,L03,CL16,NA,8,5,0,3,568787
FT00567,T027,M01,L03,CL16,NA,8,8,0,0,568787
FT00568,T028,M01,L03,CL16,NA,8,3,3,2,568787
FT00569,T029,M01,L03,CL16,NA,8,7,0,1,568787
FT00570,T030,M01,L03,CL16,NA,8,3,2,3,568787
FT00571,T031,M01,L03,CL16,NA,8,7,1,0,568787
FT00572,T032,M01,L03,CL16,NA,8,5,0,3,568787
FT00573,T033,M01,L03,CL16,NA,8,6,0,2,568787
FT00574,T034,M01,L03,CL16,NA,8,1,4,3,568787
FT00575,T035,M01,L03,CL16,NA,8,0,3,5,568787
FT00576,T036,M01,L03,CL16,NA,8,4,1,3,568787
FT00577,T001,M01,L02,CL17,NA,8,7,1,0,674576
FT00578,T002,M01,L02,CL17,NA,8,1,5,2,674576
FT00579,T003,M01,L02,CL17,NA,8,7,1,0,674576
FT00580,T004,M01,L02,CL17,NA,8,8,0,0,674576
FT00581,T005,M01,L02,CL17,NA,8,4,1,3,674576
FT00582,T006,M01,L02,CL17,NA,8,2,4,2,674576
FT00583,T007,M01,L02,CL17,NA,8,2,5,1,674576
FT00584,T008,M01,L02,CL17,NA,8,3,1,4,674576
FT00585,T009,M01,L02,CL17,NA,8,8,0,0,674576
FT00586,T010,M01,L02,CL17,NA,8,3,2,3,674576
FT00587,T011,M01,L02,CL17,NA,8,6,1,1,674576
FT00588,T012,M01,L02,CL17,NA,8,1,6,1,674576
FT00589,T013,M01,L02,CL17,NA,8,5,0,3,865745
FT00590,T014,M01,L02,CL17,NA,8,1,2,5,865745
FT00591,T015,M01,L02,CL17,NA,8,1,4,3,865745
FT00592,T016,M01,L02,CL17,NA,8,2,5,1,865745
FT00593,T017,M01,L02,CL17,NA,8,8,0,0,865745
FT00594,T018,M01,L02,CL17,NA,8,5,2,1,865745
FT00595,T019,M01,L02,CL17,NA,8,6,2,0,865745
FT00596,T020,M01,L02,CL17,NA,8,8,0,0,865745
FT00597,T021,M01,L02,CL17,NA,8,2,4,2,865745
FT00598,T022,M01,L02,CL17,NA,8,4,3,1,865745
FT00599,T023,M01,L02,CL17,NA,8,2,1,5,865745
FT00600,T024,M01,L02,CL17,NA,8,0,4,4,865745
FT00601,T025,M01,L02,CL17,NA,8,8,0,0,764533
FT00602,T026,M01,L02,CL17,NA,8,5,3,0,764533
FT00603,T027,M01,L02,CL17,NA,8,6,1,1,764533
FT00604,T028,M01,L02,CL17,NA,8,2,5,1,764533
FT00605,T029,M01,L02,CL17,NA,8,4,2,2,764533
FT00606,T030,M01,L02,CL17,NA,8,6,1,1,764533
FT00607,T031,M01,L02,CL17,NA,8,1,3,4,764533
FT00608,T032,M01,L02,CL17,NA,8,4,0,4,764533
FT00609,T033,M01,L02,CL17,NA,8,7,0,1,764533
FT00610,T034,M01,L02,CL17,NA,8,3,2,3,764533
FT00611,T035,M01,L02,CL17,NA,8,6,2,0,764533
FT00612,T036,M01,L02,CL17,NA,8,8,0,0,764533
FT00613,T001,M01,L02,CL18,NA,8,5,2,1,634623
FT00614,T002,M01,L02,CL18,NA,8,5,1,2,634623
FT00615,T003,M01,L02,CL18,NA,8,1,3,4,634623
FT00616,T004,M01,L02,CL18,NA,8,4,2,2,634623
FT00617,T005,M01,L02,CL18,NA,8,5,0,3,634623
FT00618,T006,M01,L02,CL18,NA,8,6,1,1,634623
FT00619,T007,M01,L02,CL18,NA,8,2,5,1,634623
FT00620,T008,M01,L02,CL18,NA,8,7,1,0,634623
FT00621,T009,M01,L02,CL18,NA,8,1,7,0,634623
FT00622,T010,M01,L02,CL18,NA,8,7,0,1,634623
FT00623,T011,M01,L02,CL18,NA,8,6,1,1,634623
FT00624,T012,M01,L02,CL18,NA,8,7,1,0,634623
FT00625,T013,M01,L02,CL18,NA,8,7,0,1,745635
FT00626,T014,M01,L02,CL18,NA,8,0,6,2,745635
FT00627,T015,M01,L02,CL18,NA,8,6,1,1,745635
FT00628,T016,M01,L02,CL18,NA,8,2,3,3,745635
FT00629,T017,M01,L02,CL18,NA,8,6,0,2,745635
FT00630,T018,M01,L02,CL18,NA,8,5,2,1,745635
FT00631,T019,M01,L02,CL18,NA,8,2,4,2,745635
FT00632,T020,M01,L02,CL18,NA,8,7,1,0,745635
FT00633,T021,M01,L02,CL18,NA,8,3,3,2,745635
FT00634,T022,M01,L02,CL18,NA,8,0,7,1,745635
FT00635,T023,M01,L02,CL18,NA,8,3,1,4,745635
FT00636,T024,M01,L02,CL18,NA,8,2,2,4,745635
FT00637,T025,M01,L02,CL18,NA,8,2,2,4,400000
FT00638,T026,M01,L02,CL18,NA,8,4,3,1,400000
FT00639,T027,M01,L02,CL18,NA,8,6,2,0,400000
FT00640,T028,M01,L02,CL18,NA,8,6,2,0,400000
FT00641,T029,M01,L02,CL18,NA,8,6,1,1,400000
FT00642,T030,M01,L02,CL18,NA,8,2,2,4,400000
FT00643,T031,M01,L02,CL18,NA,8,4,3,1,400000
FT00644,T032,M01,L02,CL18,NA,8,5,3,0,400000
FT00645,T033,M01,L02,CL18,NA,8,3,1,4,400000
FT00646,T034,M01,L02,CL18,NA,8,3,3,2,400000
FT00647,T035,M01,L02,CL18,NA,8,8,0,0,400000
FT00648,T036,M01,L02,CL18,NA,8,2,4,2,400000
FT00649,T001,M02,NA,NA,CO01,8,1,2,5,7457457
FT00650,T002,M02,NA,NA,CO01,8,1,4,3,7457457
FT00651,T003,M02,NA,NA,CO01,8,4,3,1,7457457
FT00652,T004,M02,NA,NA,CO01,8,6,1,1,7457457
FT00653,T005,M02,NA,NA,CO01,8,1,3,4,7457457
FT00654,T006,M02,NA,NA,CO01,8,1,1,6,7457457
FT00655,T007,M02,NA,NA,CO01,8,3,3,2,7457457
FT00656,T008,M02,NA,NA,CO01,8,3,3,2,7457457
FT00657,T009,M02,NA,NA,CO01,8,1,4,3,7457457
FT00658,T010,M02,NA,NA,CO01,8,3,3,2,7457457
FT00659,T011,M02,NA,NA,CO01,8,3,1,4,7457457
FT00660,T012,M02,NA,NA,CO01,8,3,4,1,7457457
FT00661,T001,M02,NA,NA,CO02,8,4,1,3,7567454
FT00662,T002,M02,NA,NA,CO02,8,2,5,1,7567454
FT00663,T003,M02,NA,NA,CO02,8,3,4,1,7567454
FT00664,T004,M02,NA,NA,CO02,8,4,3,1,7567454
FT00665,T005,M02,NA,NA,CO02,8,2,1,5,7567454
FT00666,T006,M02,NA,NA,CO02,8,3,5,0,7567454
FT00667,T007,M02,NA,NA,CO02,8,3,1,4,7567454
FT00668,T008,M02,NA,NA,CO02,8,5,2,1,7567454
FT00669,T009,M02,NA,NA,CO02,8,5,3,0,7567454
FT00670,T010,M02,NA,NA,CO02,8,3,3,2,7567454
FT00671,T011,M02,NA,NA,CO02,8,3,5,0,7567454
FT00672,T012,M02,NA,NA,CO02,8,5,3,0,7567454
FT00673,T001,M02,NA,NA,CO03,8,4,2,2,5674576
FT00674,T002,M02,NA,NA,CO03,8,2,4,2,5674576
FT00675,T003,M02,NA,NA,CO03,8,4,2,2,5674576
FT00676,T004,M02,NA,NA,CO03,8,3,3,2,5674576
FT00677,T005,M02,NA,NA,CO03,8,6,1,1,5674576
FT00678,T006,M02,NA,NA,CO03,8,5,2,1,5674576
FT00679,T007,M02,NA,NA,CO03,8,1,4,3,5674576
FT00680,T008,M02,NA,NA,CO03,8,6,2,0,5674576
FT00681,T009,M02,NA,NA,CO03,8,4,1,3,5674576
FT00682,T010,M02,NA,NA,CO03,8,7,1,0,5674576
FT00683,T011,M02,NA,NA,CO03,8,2,1,5,5674576
FT00684,T012,M02,NA,NA,CO03,8,7,1,0,5674576
FT00685,T001,M02,NA,NA,CO04,8,5,2,1,4576456
FT00686,T002,M02,NA,NA,CO04,8,1,5,2,4576456
FT00687,T003,M02,NA,NA,CO04,8,3,2,3,4576456
FT00688,T004,M02,NA,NA,CO04,8,3,2,3,4576456
FT00689,T005,M02,NA,NA,CO04,8,6,2,0,4576456
FT00690,T006,M02,NA,NA,CO04,8,1,4,3,4576456
FT00691,T007,M02,NA,NA,CO04,8,3,3,2,4576456
FT00692,T008,M02,NA,NA,CO04,8,2,4,2,4576456
FT00693,T009,M02,NA,NA,CO04,8,1,1,6,4576456
FT00694,T010,M02,NA,NA,CO04,8,5,2,1,4576456
FT00695,T011,M02,NA,NA,CO04,8,4,1,3,4576456
FT00696,T012,M02,NA,NA,CO04,8,2,5,1,4576456
FT00697,T001,M02,NA,NA,CO05,8,3,3,2,7856756
FT00698,T002,M02,NA,NA,CO05,8,4,2,2,7856756
FT00699,T003,M02,NA,NA,CO05,8,2,3,3,7856756
FT00700,T004,M02,NA,NA,CO05,8,4,0,4,7856756
FT00701,T005,M02,NA,NA,CO05,8,5,2,1,7856756
FT00702,T006,M02,NA,NA,CO05,8,0,2,6,7856756
FT00703,T007,M02,NA,NA,CO05,8,2,6,8,7856756
FT00704,T008,M02,NA,NA,CO05,8,3,5,0,7856756
FT00705,T009,M02,NA,NA,CO05,8,4,2,2,7856756
FT00706,T010,M02,NA,NA,CO05,8,1,1,6,7856756
FT00707,T011,M02,NA,NA,CO05,8,6,1,1,7856756
FT00708,T012,M02,NA,NA,CO05,8,5,2,1,7856756
FT00709,T001,M02,NA,NA,CO06,8,6,2,0,7687567
FT00710,T002,M02,NA,NA,CO06,8,3,3,2,7687567
FT00711,T003,M02,NA,NA,CO06,8,4,2,2,7687567
FT00712,T004,M02,NA,NA,CO06,8,1,4,3,7687567
FT00713,T005,M02,NA,NA,CO06,8,3,4,1,7687567
FT00714,T006,M02,NA,NA,CO06,8,4,2,2,7687567
FT00715,T007,M02,NA,NA,CO06,8,6,1,1,7687567
FT00716,T008,M02,NA,NA,CO06,8,1,1,6,7687567
FT00717,T009,M02,NA,NA,CO06,8,2,2,4,7687567
FT00718,T010,M02,NA,NA,CO06,8,0,4,4,7687567
FT00719,T011,M02,NA,NA,CO06,8,4,2,2,7687567
FT00720,T012,M02,NA,NA,CO06,8,4,0,4,7687567
FT00721,T001,M02,NA,NA,CO07,8,3,1,4,5678647
FT00722,T002,M02,NA,NA,CO07,8,6,1,1,5678647
FT00723,T003,M02,NA,NA,CO07,8,5,1,2,5678647
FT00724,T004,M02,NA,NA,CO07,8,5,1,2,5678647
FT00725,T005,M02,NA,NA,CO07,8,2,1,5,5678647
FT00726,T006,M02,NA,NA,CO07,8,6,0,2,5678647
FT00727,T007,M02,NA,NA,CO07,8,7,0,1,5678647
FT00728,T008,M02,NA,NA,CO07,8,4,1,3,5678647
FT00729,T009,M02,NA,NA,CO07,8,6,2,0,5678647
FT00730,T010,M02,NA,NA,CO07,8,4,4,0,5678647
FT00731,T011,M02,NA,NA,CO07,8,3,5,0,5678647
FT00732,T012,M02,NA,NA,CO07,8,1,6,1,5678647
FT00733,T001,M02,NA,NA,CO08,8,2,4,2,8567434
FT00734,T002,M02,NA,NA,CO08,8,1,6,1,8567434
FT00735,T003,M02,NA,NA,CO08,8,8,0,0,8567434
FT00736,T004,M02,NA,NA,CO08,8,1,1,6,8567434
FT00737,T005,M02,NA,NA,CO08,8,5,1,2,8567434
FT00738,T006,M02,NA,NA,CO08,8,5,2,1,8567434
FT00739,T007,M02,NA,NA,CO08,8,2,3,3,8567434
FT00740,T008,M02,NA,NA,CO08,8,4,2,2,8567434
FT00741,T009,M02,NA,NA,CO08,8,5,3,0,8567434
FT00742,T010,M02,NA,NA,CO08,8,6,0,2,8567434
FT00743,T011,M02,NA,NA,CO08,8,6,2,0,8567434
FT00744,T012,M02,NA,NA,CO08,8,3,1,4,8567434
FT00745,T001,M02,NA,NA,CO09,8,4,2,2,5474574
FT00746,T002,M02,NA,NA,CO09,8,4,2,2,5474574
FT00747,T003,M02,NA,NA,CO09,8,5,2,1,5474574
FT00748,T004,M02,NA,NA,CO09,8,5,3,0,5474574
FT00749,T005,M02,NA,NA,CO09,8,4,2,2,5474574
FT00750,T006,M02,NA,NA,CO09,8,1,1,6,5474574
FT00751,T007,M02,NA,NA,CO09,8,7,1,0,5474574
FT00752,T008,M02,NA,NA,CO09,8,3,2,3,5474574
FT00753,T009,M02,NA,NA,CO09,8,4,0,4,5474574
FT00754,T010,M02,NA,NA,CO09,8,1,3,4,5474574
FT00755,T011,M02,NA,NA,CO09,8,5,1,2,5474574
FT00756,T012,M02,NA,NA,CO09,8,7,0,1,5474574
FT00757,T001,M02,NA,NA,CO10,8,1,5,2,8567577
FT00758,T002,M02,NA,NA,CO10,8,5,3,0,8567577
FT00759,T003,M02,NA,NA,CO10,8,4,2,2,8567577
FT00760,T004,M02,NA,NA,CO10,8,0,3,5,8567577
FT00761,T005,M02,NA,NA,CO10,8,4,1,3,8567577
FT00762,T006,M02,NA,NA,CO10,8,2,5,1,8567577
FT00763,T007,M02,NA,NA,CO10,8,4,4,0,8567577
FT00764,T008,M02,NA,NA,CO10,8,8,0,0,8567577
FT00765,T009,M02,NA,NA,CO10,8,1,1,6,8567577
FT00766,T010,M02,NA,NA,CO10,8,3,3,2,8567577
FT00767,T011,M02,NA,NA,CO10,8,5,1,2,8567577
FT00768,T012,M02,NA,NA,CO10,8,6,1,1,8567577
FT00769,T013,M02,NA,NA,CO01,8,2,6,0,6546344
FT00770,T014,M02,NA,NA,CO01,8,8,0,0,6546344
FT00771,T015,M02,NA,NA,CO01,8,5,3,0,6546344
FT00772,T016,M02,NA,NA,CO01,8,3,2,3,6546344
FT00773,T017,M02,NA,NA,CO01,8,4,2,2,6546344
FT00774,T018,M02,NA,NA,CO01,8,3,1,4,6546344
FT00775,T019,M02,NA,NA,CO01,8,0,1,7,6546344
FT00776,T020,M02,NA,NA,CO01,8,8,0,0,6546344
FT00777,T021,M02,NA,NA,CO01,8,7,0,1,6546344
FT00778,T022,M02,NA,NA,CO01,8,5,2,1,6546344
FT00779,T023,M02,NA,NA,CO01,8,3,4,1,6546344
FT00780,T024,M02,NA,NA,CO01,8,1,2,5,6546344
FT00781,T013,M02,NA,NA,CO02,8,1,4,3,7645764
FT00782,T014,M02,NA,NA,CO02,8,5,2,1,7645764
FT00783,T015,M02,NA,NA,CO02,8,4,4,0,7645764
FT00784,T016,M02,NA,NA,CO02,8,6,2,0,7645764
FT00785,T017,M02,NA,NA,CO02,8,5,2,1,7645764
FT00786,T018,M02,NA,NA,CO02,8,5,3,0,7645764
FT00787,T019,M02,NA,NA,CO02,8,3,5,0,7645764
FT00788,T020,M02,NA,NA,CO02,8,0,4,4,7645764
FT00789,T021,M02,NA,NA,CO02,8,4,2,2,7645764
FT00790,T022,M02,NA,NA,CO02,8,4,1,3,7645764
FT00791,T023,M02,NA,NA,CO02,8,5,2,1,7645764
FT00792,T024,M02,NA,NA,CO02,8,2,3,3,7645764
FT00793,T013,M02,NA,NA,CO03,8,3,3,2,7674564
FT00794,T014,M02,NA,NA,CO03,8,6,2,0,7674564
FT00795,T015,M02,NA,NA,CO03,8,3,2,3,7674564
FT00796,T016,M02,NA,NA,CO03,8,4,2,2,7674564
FT00797,T017,M02,NA,NA,CO03,8,6,2,0,7674564
FT00798,T018,M02,NA,NA,CO03,8,6,0,2,7674564
FT00799,T019,M02,NA,NA,CO03,8,1,1,6,7674564
FT00800,T020,M02,NA,NA,CO03,8,2,3,3,7674564
FT00801,T021,M02,NA,NA,CO03,8,2,2,4,7674564
FT00802,T022,M02,NA,NA,CO03,8,0,5,3,7674564
FT00803,T023,M02,NA,NA,CO03,8,4,3,1,7674564
FT00804,T024,M02,NA,NA,CO03,8,5,2,1,7674564
FT00805,T013,M02,NA,NA,CO04,8,4,1,3,5476456
FT00806,T014,M02,NA,NA,CO04,8,2,2,4,5476456
FT00807,T015,M02,NA,NA,CO04,8,2,3,3,5476456
FT00808,T016,M02,NA,NA,CO04,8,0,5,3,5476456
FT00809,T017,M02,NA,NA,CO04,8,0,1,7,5476456
FT00810,T018,M02,NA,NA,CO04,8,2,4,2,5476456
FT00811,T019,M02,NA,NA,CO04,8,6,2,0,5476456
FT00812,T020,M02,NA,NA,CO04,8,5,3,0,5476456
FT00813,T021,M02,NA,NA,CO04,8,1,3,4,5476456
FT00814,T022,M02,NA,NA,CO04,8,2,2,4,5476456
FT00815,T023,M02,NA,NA,CO04,8,3,5,0,5476456
FT00816,T024,M02,NA,NA,CO04,8,4,2,2,5476456
FT00817,T013,M02,NA,NA,CO05,8,3,3,2,5674577
FT00818,T014,M02,NA,NA,CO05,8,6,1,1,5674577
FT00819,T015,M02,NA,NA,CO05,8,1,5,2,5674577
FT00820,T016,M02,NA,NA,CO05,8,7,0,1,5674577
FT00821,T017,M02,NA,NA,CO05,8,7,1,0,5674577
FT00822,T018,M02,NA,NA,CO05,8,4,0,4,5674577
FT00823,T019,M02,NA,NA,CO05,8,5,2,1,5674577
FT00824,T020,M02,NA,NA,CO05,8,4,3,1,5674577
FT00825,T021,M02,NA,NA,CO05,8,5,0,3,5674577
FT00826,T022,M02,NA,NA,CO05,8,7,1,0,5674577
FT00827,T023,M02,NA,NA,CO05,8,6,2,0,5674577
FT00828,T024,M02,NA,NA,CO05,8,3,1,4,5674577
FT00829,T013,M02,NA,NA,CO06,8,5,2,1,7567455
FT00830,T014,M02,NA,NA,CO06,8,3,3,2,7567455
FT00831,T015,M02,NA,NA,CO06,8,6,1,1,7567455
FT00832,T016,M02,NA,NA,CO06,8,1,5,2,7567455
FT00833,T017,M02,NA,NA,CO06,8,3,4,1,7567455
FT00834,T018,M02,NA,NA,CO06,8,8,0,0,7567455
FT00835,T019,M02,NA,NA,CO06,8,3,5,0,7567455
FT00836,T020,M02,NA,NA,CO06,8,7,0,1,7567455
FT00837,T021,M02,NA,NA,CO06,8,5,1,2,7567455
FT00838,T022,M02,NA,NA,CO06,8,4,1,3,7567455
FT00839,T023,M02,NA,NA,CO06,8,4,1,3,7567455
FT00840,T024,M02,NA,NA,CO06,8,6,2,0,7567455
FT00841,T013,M02,NA,NA,CO07,8,4,2,2,6747456
FT00842,T014,M02,NA,NA,CO07,8,7,0,1,6747456
FT00843,T015,M02,NA,NA,CO07,8,3,4,1,6747456
FT00844,T016,M02,NA,NA,CO07,8,5,2,1,6747456
FT00845,T017,M02,NA,NA,CO07,8,6,1,1,6747456
FT00846,T018,M02,NA,NA,CO07,8,5,2,1,6747456
FT00847,T019,M02,NA,NA,CO07,8,5,3,1,6747456
FT00848,T020,M02,NA,NA,CO07,8,5,2,1,6747456
FT00849,T021,M02,NA,NA,CO07,8,2,4,2,6747456
FT00850,T022,M02,NA,NA,CO07,8,1,1,6,6747456
FT00851,T023,M02,NA,NA,CO07,8,6,2,0,6747456
FT00852,T024,M02,NA,NA,CO07,8,6,2,0,6747456
FT00853,T013,M02,NA,NA,CO08,8,3,4,1,7574554
FT00854,T014,M02,NA,NA,CO08,8,5,1,2,7574554
FT00855,T015,M02,NA,NA,CO08,8,5,0,3,7574554
FT00856,T016,M02,NA,NA,CO08,8,6,1,1,7574554
FT00857,T017,M02,NA,NA,CO08,8,5,0,3,7574554
FT00858,T018,M02,NA,NA,CO08,8,7,0,1,7574554
FT00859,T019,M02,NA,NA,CO08,8,5,1,2,7574554
FT00860,T020,M02,NA,NA,CO08,8,6,1,1,7574554
FT00861,T021,M02,NA,NA,CO08,8,4,2,2,7574554
FT00862,T022,M02,NA,NA,CO08,8,3,0,5,7574554
FT00863,T023,M02,NA,NA,CO08,8,6,2,0,7574554
FT00864,T024,M02,NA,NA,CO08,8,7,0,1,7574554
FT00865,T013,M02,NA,NA,CO09,8,5,1,2,7456455
FT00866,T014,M02,NA,NA,CO09,8,7,1,0,7456455
FT00867,T015,M02,NA,NA,CO09,8,4,3,1,7456455
FT00868,T016,M02,NA,NA,CO09,8,3,4,1,7456455
FT00869,T017,M02,NA,NA,CO09,8,5,3,0,7456455
FT00870,T018,M02,NA,NA,CO09,8,5,1,2,7456455
FT00871,T019,M02,NA,NA,CO09,8,2,1,5,7456455
FT00872,T020,M02,NA,NA,CO09,8,5,2,1,7456455
FT00873,T021,M02,NA,NA,CO09,8,3,1,4,7456455
FT00874,T022,M02,NA,NA,CO09,8,5,2,1,7456455
FT00875,T023,M02,NA,NA,CO09,8,5,1,2,7456455
FT00876,T024,M02,NA,NA,CO09,8,4,4,0,7456455
FT00877,T013,M02,NA,NA,CO10,8,5,2,1,5345634
FT00878,T014,M02,NA,NA,CO10,8,6,0,2,5345634
FT00879,T015,M02,NA,NA,CO10,8,2,3,3,5345634
FT00880,T016,M02,NA,NA,CO10,8,4,1,3,5345634
FT00881,T017,M02,NA,NA,CO10,8,4,0,4,5345634
FT00882,T018,M02,NA,NA,CO10,8,4,4,0,5345634
FT00883,T019,M02,NA,NA,CO10,8,1,3,4,5345634
FT00884,T020,M02,NA,NA,CO10,8,5,3,0,5345634
FT00885,T021,M02,NA,NA,CO10,8,7,1,0,5345634
FT00886,T022,M02,NA,NA,CO10,8,6,0,2,5345634
FT00887,T023,M02,NA,NA,CO10,8,3,1,4,5345634
FT00888,T024,M02,NA,NA,CO10,8,0,0,8,5345634
FT00889,T025,M02,NA,NA,CO01,8,7,0,1,5674575
FT00890,T026,M02,NA,NA,CO01,8,6,1,1,5674575
FT00891,T027,M02,NA,NA,CO01,8,5,1,2,5674575
FT00892,T028,M02,NA,NA,CO01,8,2,4,2,5674575
FT00893,T029,M02,NA,NA,CO01,8,1,5,2,5674575
FT00894,T030,M02,NA,NA,CO01,8,0,3,5,5674575
FT00895,T031,M02,NA,NA,CO01,8,0,8,0,5674575
FT00896,T032,M02,NA,NA,CO01,8,3,2,3,5674575
FT00897,T033,M02,NA,NA,CO01,8,2,6,0,5674575
FT00898,T034,M02,NA,NA,CO01,8,3,2,3,5674575
FT00899,T035,M02,NA,NA,CO01,8,5,1,2,5674575
FT00900,T036,M02,NA,NA,CO01,8,5,2,1,5674575
FT00901,T025,M02,NA,NA,CO02,8,1,0,7,7657455
FT00902,T026,M02,NA,NA,CO02,8,5,2,1,7657455
FT00903,T027,M02,NA,NA,CO02,8,7,0,1,7657455
FT00904,T028,M02,NA,NA,CO02,8,2,2,4,7657455
FT00905,T029,M02,NA,NA,CO02,8,4,2,2,7657455
FT00906,T030,M02,NA,NA,CO02,8,2,2,4,7657455
FT00907,T031,M02,NA,NA,CO02,8,4,2,2,7657455
FT00908,T032,M02,NA,NA,CO02,8,4,2,2,7657455
FT00909,T033,M02,NA,NA,CO02,8,7,0,1,7657455
FT00910,T034,M02,NA,NA,CO02,8,0,7,1,7657455
FT00911,T035,M02,NA,NA,CO02,8,3,2,3,7657455
FT00912,T036,M02,NA,NA,CO02,8,3,0,5,7657455
FT00913,T025,M02,NA,NA,CO03,8,2,4,2,7456454
FT00914,T026,M02,NA,NA,CO03,8,5,3,0,7456454
FT00915,T027,M02,NA,NA,CO03,8,5,0,3,7456454
FT00916,T028,M02,NA,NA,CO03,8,4,2,2,7456454
FT00917,T029,M02,NA,NA,CO03,8,4,2,2,7456454
FT00918,T030,M02,NA,NA,CO03,8,1,3,4,7456454
FT00919,T031,M02,NA,NA,CO03,8,7,1,0,7456454
FT00920,T032,M02,NA,NA,CO03,8,4,2,2,7456454
FT00921,T033,M02,NA,NA,CO03,8,4,2,2,7456454
FT00922,T034,M02,NA,NA,CO03,8,4,1,3,7456454
FT00923,T035,M02,NA,NA,CO03,8,4,3,1,7456454
FT00924,T036,M02,NA,NA,CO03,8,7,0,1,7456454
FT00925,T025,M02,NA,NA,CO04,8,5,3,0,7457655
FT00926,T026,M02,NA,NA,CO04,8,3,2,3,7457655
FT00927,T027,M02,NA,NA,CO04,8,7,0,1,7457655
FT00928,T028,M02,NA,NA,CO04,8,4,1,3,7457655
FT00929,T029,M02,NA,NA,CO04,8,8,0,0,7457655
FT00930,T030,M02,NA,NA,CO04,8,4,3,1,7457655
FT00931,T031,M02,NA,NA,CO04,8,4,2,2,7457655
FT00932,T032,M02,NA,NA,CO04,8,6,2,0,7457655
FT00933,T033,M02,NA,NA,CO04,8,6,0,2,7457655
FT00934,T034,M02,NA,NA,CO04,8,2,3,3,7457655
FT00935,T035,M02,NA,NA,CO04,8,4,0,4,7457655
FT00936,T036,M02,NA,NA,CO04,8,2,2,4,7457655
FT00937,T025,M02,NA,NA,CO05,8,5,1,2,5476456
FT00938,T026,M02,NA,NA,CO05,8,3,1,4,5476456
FT00939,T027,M02,NA,NA,CO05,8,2,6,0,5476456
FT00940,T028,M02,NA,NA,CO05,8,3,5,0,5476456
FT00941,T029,M02,NA,NA,CO05,8,7,0,1,5476456
FT00942,T030,M02,NA,NA,CO05,8,4,2,2,5476456
FT00943,T031,M02,NA,NA,CO05,8,3,2,3,5476456
FT00944,T032,M02,NA,NA,CO05,8,3,3,2,5476456
FT00945,T033,M02,NA,NA,CO05,8,5,0,3,5476456
FT00946,T034,M02,NA,NA,CO05,8,4,4,0,5476456
FT00947,T035,M02,NA,NA,CO05,8,6,2,0,5476456
FT00948,T036,M02,NA,NA,CO05,8,5,0,3,5476456
FT00949,T025,M02,NA,NA,CO06,8,6,1,1,6456456
FT00950,T026,M02,NA,NA,CO06,8,2,1,5,6456456
FT00951,T027,M02,NA,NA,CO06,8,8,0,0,6456456
FT00952,T028,M02,NA,NA,CO06,8,5,2,1,6456456
FT00953,T029,M02,NA,NA,CO06,8,7,1,0,6456456
FT00954,T030,M02,NA,NA,CO06,8,6,1,1,6456456
FT00955,T031,M02,NA,NA,CO06,8,1,1,6,6456456
FT00956,T032,M02,NA,NA,CO06,8,0,4,4,6456456
FT00957,T033,M02,NA,NA,CO06,8,0,5,3,6456456
FT00958,T034,M02,NA,NA,CO06,8,5,1,2,6456456
FT00959,T035,M02,NA,NA,CO06,8,6,1,1,6456456
FT00960,T036,M02,NA,NA,CO06,8,1,1,6,6456456
FT00961,T025,M02,NA,NA,CO07,8,4,1,3,5674565
FT00962,T026,M02,NA,NA,CO07,8,5,0,3,5674565
FT00963,T027,M02,NA,NA,CO07,8,3,3,2,5674565
FT00964,T028,M02,NA,NA,CO07,8,4,2,2,5674565
FT00965,T029,M02,NA,NA,CO07,8,6,2,0,5674565
FT00966,T030,M02,NA,NA,CO07,8,3,2,2,5674565
FT00967,T031,M02,NA,NA,CO07,8,4,2,2,5674565
FT00968,T032,M02,NA,NA,CO07,8,7,0,1,5674565
FT00969,T033,M02,NA,NA,CO07,8,4,3,1,5674565
FT00970,T034,M02,NA,NA,CO07,8,5,3,0,5674565
FT00971,T035,M02,NA,NA,CO07,8,3,3,2,5674565
FT00972,T036,M02,NA,NA,CO07,8,4,3,1,5674565
FT00973,T025,M02,NA,NA,CO08,8,8,0,0,8768566
FT00974,T026,M02,NA,NA,CO08,8,5,1,2,8768566
FT00975,T027,M02,NA,NA,CO08,8,2,2,4,8768566
FT00976,T028,M02,NA,NA,CO08,8,3,1,4,8768566
FT00977,T029,M02,NA,NA,CO08,8,6,0,2,8768566
FT00978,T030,M02,NA,NA,CO08,8,1,2,5,8768566
FT00979,T031,M02,NA,NA,CO08,8,4,2,2,8768566
FT00980,T032,M02,NA,NA,CO08,8,4,2,2,8768566
FT00981,T033,M02,NA,NA,CO08,8,3,1,4,8768566
FT00982,T034,M02,NA,NA,CO08,8,4,4,0,8768566
FT00983,T035,M02,NA,NA,CO08,8,5,2,1,8768566
FT00984,T036,M02,NA,NA,CO08,8,5,2,1,8768566
FT00985,T025,M02,NA,NA,CO09,8,1,5,2,7567455
FT00986,T026,M02,NA,NA,CO09,8,4,3,1,7567455
FT00987,T027,M02,NA,NA,CO09,8,5,2,1,7567455
FT00988,T028,M02,NA,NA,CO09,8,3,1,4,7567455
FT00989,T029,M02,NA,NA,CO09,8,5,1,2,7567455
FT00990,T030,M02,NA,NA,CO09,8,2,4,2,7567455
FT00991,T031,M02,NA,NA,CO09,8,1,3,4,7567455
FT00992,T032,M02,NA,NA,CO09,8,5,2,1,7567455
FT00993,T033,M02,NA,NA,CO09,8,2,0,6,7567455
FT00994,T034,M02,NA,NA,CO09,8,5,3,0,7567455
FT00995,T035,M02,NA,NA,CO09,8,5,2,1,7567455
FT00996,T036,M02,NA,NA,CO09,8,5,2,1,7567455
FT00997,T025,M02,NA,NA,CO10,8,4,2,2,7845675
FT00998,T026,M02,NA,NA,CO10,8,6,1,1,7845675
FT00999,T027,M02,NA,NA,CO10,8,4,0,4,7845675
FT01000,T028,M02,NA,NA,CO10,8,1,5,2,7845675
FT01001,T029,M02,NA,NA,CO10,8,5,1,2,7845675
FT01002,T030,M02,NA,NA,CO10,8,7,0,1,7845675
FT01003,T031,M02,NA,NA,CO10,8,6,2,0,7845675
FT01004,T032,M02,NA,NA,CO10,8,4,2,2,7845675
FT01005,T033,M02,NA,NA,CO10,8,7,0,1,7845675
FT01006,T034,M02,NA,NA,CO10,8,5,1,2,7845675
FT01007,T035,M02,NA,NA,CO10,8,3,3,2,7845675
FT01008,T036,M02,NA,NA,CO10,8,7,0,1,7845675
FT01009,T001,M01,L02,CL19,NA,8,4,2,2,756745
FT01010,T002,M01,L02,CL19,NA,8,0,7,1,756745
FT01011,T003,M01,L02,CL19,NA,8,2,4,2,756745
FT01012,T004,M01,L02,CL19,NA,8,7,1,0,756745
FT01013,T005,M01,L02,CL19,NA,8,5,0,3,756745
FT01014,T006,M01,L02,CL19,NA,8,7,0,1,756745
FT01015,T007,M01,L02,CL19,NA,8,6,1,1,756745
FT01016,T008,M01,L02,CL19,NA,8,1,2,5,756745
FT01017,T009,M01,L02,CL19,NA,8,7,1,0,756745
FT01018,T010,M01,L02,CL19,NA,8,5,1,2,756745
FT01019,T011,M01,L02,CL19,NA,8,4,2,2,756745
FT01020,T012,M01,L02,CL19,NA,8,2,5,1,756745
FT01021,T013,M01,L02,CL19,NA,8,6,2,0,634633
FT01022,T014,M01,L02,CL19,NA,8,2,3,3,634633
FT01023,T015,M01,L02,CL19,NA,8,0,6,2,634633
FT01024,T016,M01,L02,CL19,NA,8,0,6,2,634633
FT01025,T017,M01,L02,CL19,NA,8,7,0,1,634633
FT01026,T018,M01,L02,CL19,NA,8,4,2,2,634633
FT01027,T019,M01,L02,CL19,NA,8,0,4,4,634633
FT01028,T020,M01,L02,CL19,NA,8,2,3,3,634633
FT01029,T021,M01,L02,CL19,NA,8,6,2,0,634633
FT01030,T022,M01,L02,CL19,NA,8,3,1,4,634633
FT01031,T023,M01,L02,CL19,NA,8,6,2,0,634633
FT01032,T024,M01,L02,CL19,NA,8,1,4,3,634633
FT01033,T025,M01,L02,CL19,NA,8,3,4,1,578674
FT01034,T026,M01,L02,CL19,NA,8,3,1,4,578674
FT01035,T027,M01,L02,CL19,NA,8,8,0,0,578674
FT01036,T028,M01,L02,CL19,NA,8,3,3,2,578674
FT01037,T029,M01,L02,CL19,NA,8,1,6,1,578674
FT01038,T030,M01,L02,CL19,NA,8,3,3,2,578674
FT01039,T031,M01,L02,CL19,NA,8,7,0,1,578674
FT01040,T032,M01,L02,CL19,NA,8,5,2,1,578674
FT01041,T033,M01,L02,CL19,NA,8,4,4,0,578674
FT01042,T034,M01,L02,CL19,NA,8,4,3,1,578674
FT01043,T035,M01,L02,CL19,NA,8,1,3,4,578674
FT01044,T036,M01,L02,CL19,NA,8,0,3,5,578674
FT01045,T001,M01,L03,CL20,NA,8,1,7,0,576456
FT01046,T002,M01,L03,CL20,NA,8,3,2,3,576456
FT01047,T003,M01,L03,CL20,NA,8,2,4,2,576456
FT01048,T004,M01,L03,CL20,NA,8,5,2,1,576456
FT01049,T005,M01,L03,CL20,NA,8,5,1,2,576456
FT01050,T006,M01,L03,CL20,NA,8,2,5,1,576456
FT01051,T007,M01,L03,CL20,NA,8,5,3,0,576456
FT01052,T008,M01,L03,CL20,NA,8,5,0,3,576456
FT01053,T009,M01,L03,CL20,NA,8,3,4,1,576456
FT01054,T010,M01,L03,CL20,NA,8,1,6,1,576456
FT01055,T011,M01,L03,CL20,NA,8,5,3,0,576456
FT01056,T012,M01,L03,CL20,NA,8,5,3,0,576456
FT01057,T013,M01,L03,CL20,NA,8,1,5,2,756745
FT01058,T014,M01,L03,CL20,NA,8,0,4,4,756745
FT01059,T015,M01,L03,CL20,NA,8,7,1,0,756745
FT01060,T016,M01,L03,CL20,NA,8,0,2,6,756745
FT01061,T017,M01,L03,CL20,NA,8,6,0,2,756745
FT01062,T018,M01,L03,CL20,NA,8,5,2,1,756745
FT01063,T019,M01,L03,CL20,NA,8,5,2,1,756745
FT01064,T020,M01,L03,CL20,NA,8,3,2,3,756745
FT01065,T021,M01,L03,CL20,NA,8,5,0,3,756745
FT01066,T022,M01,L03,CL20,NA,8,1,3,4,756745
FT01067,T023,M01,L03,CL20,NA,8,0,5,3,756745
FT01068,T024,M01,L03,CL20,NA,8,7,1,0,756745
FT01069,T025,M01,L03,CL20,NA,8,5,1,2,457457
FT01070,T026,M01,L03,CL20,NA,8,1,0,7,457457
FT01071,T027,M01,L03,CL20,NA,8,7,1,0,457457
FT01072,T028,M01,L03,CL20,NA,8,2,3,3,457457
FT01073,T029,M01,L03,CL20,NA,8,1,4,3,457457
FT01074,T030,M01,L03,CL20,NA,8,7,0,1,457457
FT01075,T031,M01,L03,CL20,NA,8,1,3,4,457457
FT01076,T032,M01,L03,CL20,NA,8,1,2,5,457457
FT01077,T033,M01,L03,CL20,NA,8,7,1,0,457457
FT01078,T034,M01,L03,CL20,NA,8,3,3,2,457457
FT01079,T035,M01,L03,CL20,NA,8,3,3,2,457457
FT01080,T036,M01,L03,CL20,NA,8,0,3,5,457457
FT01081,T001,M01,L03,CL21,NA,8,4,1,3,456354
FT01082,T002,M01,L03,CL21,NA,8,6,1,1,456354
FT01083,T003,M01,L03,CL21,NA,8,1,3,4,456354
FT01084,T004,M01,L03,CL21,NA,8,4,3,1,456354
FT01085,T005,M01,L03,CL21,NA,8,2,5,1,456354
FT01086,T006,M01,L03,CL21,NA,8,1,6,1,456354
FT01087,T007,M01,L03,CL21,NA,8,7,1,0,456354
FT01088,T008,M01,L03,CL21,NA,8,6,2,0,456354
FT01089,T009,M01,L03,CL21,NA,8,1,4,3,456354
FT01090,T010,M01,L03,CL21,NA,8,6,1,2,456354
FT01091,T011,M01,L03,CL21,NA,8,8,0,0,456354
FT01092,T012,M01,L03,CL21,NA,8,3,2,3,456354
FT01093,T013,M01,L03,CL21,NA,8,0,2,6,756734
FT01094,T014,M01,L03,CL21,NA,8,7,0,1,756734
FT01095,T015,M01,L03,CL21,NA,8,2,3,3,756734
FT01096,T016,M01,L03,CL21,NA,8,6,0,2,756734
FT01097,T017,M01,L03,CL21,NA,8,5,3,0,756734
FT01098,T018,M01,L03,CL21,NA,8,2,0,6,756734
FT01099,T019,M01,L03,CL21,NA,8,5,3,0,756734
FT01100,T020,M01,L03,CL21,NA,8,2,3,3,756734
FT01101,T021,M01,L03,CL21,NA,8,8,0,0,756734
FT01102,T022,M01,L03,CL21,NA,8,3,3,2,756734
FT01103,T023,M01,L03,CL21,NA,8,1,3,3,756734
FT01104,T024,M01,L03,CL21,NA,8,1,5,2,756734
FT01105,T025,M01,L03,CL21,NA,8,5,1,2,457463
FT01106,T026,M01,L03,CL21,NA,8,3,2,2,457463
FT01107,T027,M01,L03,CL21,NA,8,7,0,1,457463
FT01108,T028,M01,L03,CL21,NA,8,7,0,1,457463
FT01109,T029,M01,L03,CL21,NA,8,8,0,0,457463
FT01110,T030,M01,L03,CL21,NA,8,5,0,3,457463
FT01111,T031,M01,L03,CL21,NA,8,5,3,0,457463
FT01112,T032,M01,L03,CL21,NA,8,3,3,2,457463
FT01113,T033,M01,L03,CL21,NA,8,0,3,5,457463
FT01114,T034,M01,L03,CL21,NA,8,1,3,4,457463
FT01115,T035,M01,L03,CL21,NA,8,1,3,4,457463
FT01116,T036,M01,L03,CL21,NA,8,7,1,0,457463
FT01117,T001,M01,L03,CL22,NA,8,7,1,0,745653
FT01118,T002,M01,L03,CL22,NA,8,4,1,3,745653
FT01119,T003,M01,L03,CL22,NA,8,7,0,1,745653
FT01120,T004,M01,L03,CL22,NA,8,4,1,3,745653
FT01121,T005,M01,L03,CL22,NA,8,4,1,3,745653
FT01122,T006,M01,L03,CL22,NA,8,1,3,4,745653
FT01123,T007,M01,L03,CL22,NA,8,3,3,2,745653
FT01124,T008,M01,L03,CL22,NA,8,3,4,1,745653
FT01125,T009,M01,L03,CL22,NA,8,7,1,0,745653
FT01126,T010,M01,L03,CL22,NA,8,2,4,2,745653
FT01127,T011,M01,L03,CL22,NA,8,6,1,1,745653
FT01128,T012,M01,L03,CL22,NA,8,3,0,5,745653
FT01129,T013,M01,L03,CL22,NA,8,3,3,2,456346
FT01130,T014,M01,L03,CL22,NA,8,6,0,2,456346
FT01131,T015,M01,L03,CL22,NA,8,4,3,1,456346
FT01132,T016,M01,L03,CL22,NA,8,2,4,2,456346
FT01133,T017,M01,L03,CL22,NA,8,3,0,5,456346
FT01134,T018,M01,L03,CL22,NA,8,1,3,4,456346
FT01135,T019,M01,L03,CL22,NA,8,3,0,5,456346
FT01136,T020,M01,L03,CL22,NA,8,5,2,1,456346
FT01137,T021,M01,L03,CL22,NA,8,0,3,5,456346
FT01138,T022,M01,L03,CL22,NA,8,6,2,0,456346
FT01139,T023,M01,L03,CL22,NA,8,5,0,3,456346
FT01140,T024,M01,L03,CL22,NA,8,2,3,3,456346
FT01141,T025,M01,L03,CL22,NA,8,2,3,3,457457
FT01142,T026,M01,L03,CL22,NA,8,6,0,2,457457
FT01143,T027,M01,L03,CL22,NA,8,5,2,1,457457
FT01144,T028,M01,L03,CL22,NA,8,4,4,0,457457
FT01145,T029,M01,L03,CL22,NA,8,5,2,1,457457
FT01146,T030,M01,L03,CL22,NA,8,1,3,4,457457
FT01147,T031,M01,L03,CL22,NA,8,3,3,2,457457
FT01148,T032,M01,L03,CL22,NA,8,0,5,3,457457
FT01149,T033,M01,L03,CL22,NA,8,1,3,4,457457
FT01150,T034,M01,L03,CL22,NA,8,8,0,0,457457
FT01151,T035,M01,L03,CL22,NA,8,1,4,3,457457
FT01152,T036,M01,L03,CL22,NA,8,5,0,3,457457
FT01153,T001,M01,L01,CL23,NA,8,2,5,1,876654
FT01154,T002,M01,L01,CL23,NA,8,3,2,3,876654
FT01155,T003,M01,L01,CL23,NA,8,0,7,1,876654
FT01156,T004,M01,L01,CL23,NA,8,0,8,0,876654
FT01157,T005,M01,L01,CL23,NA,8,7,0,1,876654
FT01158,T006,M01,L01,CL23,NA,8,3,0,5,876654
FT01159,T007,M01,L01,CL23,NA,8,1,2,5,876654
FT01160,T008,M01,L01,CL23,NA,8,4,1,3,876654
FT01161,T009,M01,L01,CL23,NA,8,1,4,3,876654
FT01162,T010,M01,L01,CL23,NA,8,4,3,1,876654
FT01163,T011,M01,L01,CL23,NA,8,7,1,0,876654
FT01164,T012,M01,L01,CL23,NA,8,1,3,4,876654
FT01165,T013,M01,L01,CL23,NA,8,1,4,3,634623
FT01166,T014,M01,L01,CL23,NA,8,7,0,1,634623
FT01167,T015,M01,L01,CL23,NA,8,5,1,2,634623
FT01168,T016,M01,L01,CL23,NA,8,2,1,5,634623
FT01169,T017,M01,L01,CL23,NA,8,7,0,1,634623
FT01170,T018,M01,L01,CL23,NA,8,6,1,1,634623
FT01171,T019,M01,L01,CL23,NA,8,1,3,4,634623
FT01172,T020,M01,L01,CL23,NA,8,2,4,1,634623
FT01173,T021,M01,L01,CL23,NA,8,2,3,3,634623
FT01174,T022,M01,L01,CL23,NA,8,0,5,3,634623
FT01175,T023,M01,L01,CL23,NA,8,2,3,3,634623
FT01176,T024,M01,L01,CL23,NA,8,3,3,2,634623
FT01177,T025,M01,L01,CL23,NA,8,3,3,2,797685
FT01178,T026,M01,L01,CL23,NA,8,1,5,2,797685
FT01179,T027,M01,L01,CL23,NA,8,1,6,1,797685
FT01180,T028,M01,L01,CL23,NA,8,6,2,0,797685
FT01181,T029,M01,L01,CL23,NA,8,4,2,2,797685
FT01182,T030,M01,L01,CL23,NA,8,2,3,3,797685
FT01183,T031,M01,L01,CL23,NA,8,2,1,5,797685
FT01184,T032,M01,L01,CL23,NA,8,1,6,1,797685
FT01185,T033,M01,L01,CL23,NA,8,2,3,3,797685
FT01186,T034,M01,L01,CL23,NA,8,6,0,2,797685
FT01187,T035,M01,L01,CL23,NA,8,4,3,1,797685
FT01188,T036,M01,L01,CL23,NA,8,4,4,0,797685
FT01189,T001,M01,L03,CL24,NA,8,6,2,0,865745
FT01190,T002,M01,L03,CL24,NA,8,4,2,2,865745
FT01191,T003,M01,L03,CL24,NA,8,3,5,0,865745
FT01192,T004,M01,L03,CL24,NA,8,2,3,3,865745
FT01193,T005,M01,L03,CL24,NA,8,2,3,3,865745
FT01194,T006,M01,L03,CL24,NA,8,5,1,2,865745
FT01195,T007,M01,L03,CL24,NA,8,0,4,4,865745
FT01196,T008,M01,L03,CL24,NA,8,1,6,1,865745
FT01197,T009,M01,L03,CL24,NA,8,6,1,1,865745
FT01198,T010,M01,L03,CL24,NA,8,3,3,2,865745
FT01199,T011,M01,L03,CL24,NA,8,4,3,1,865745
FT01200,T012,M01,L03,CL24,NA,8,6,2,0,865745
FT01201,T013,M01,L03,CL24,NA,8,6,1,1,564563
FT01202,T014,M01,L03,CL24,NA,8,7,1,0,564563
FT01203,T015,M01,L03,CL24,NA,8,5,2,1,564563
FT01204,T016,M01,L03,CL24,NA,8,6,1,1,564563
FT01205,T017,M01,L03,CL24,NA,8,5,2,1,564563
FT01206,T018,M01,L03,CL24,NA,8,3,4,1,564563
FT01207,T019,M01,L03,CL24,NA,8,7,0,1,564563
FT01208,T020,M01,L03,CL24,NA,8,7,1,0,564563
FT01209,T021,M01,L03,CL24,NA,8,2,3,3,564563
FT01210,T022,M01,L03,CL24,NA,8,3,3,2,564563
FT01211,T023,M01,L03,CL24,NA,8,2,4,2,564563
FT01212,T024,M01,L03,CL24,NA,8,5,3,0,564563
FT01213,T025,M01,L03,CL24,NA,8,3,3,2,875675
FT01214,T026,M01,L03,CL24,NA,8,3,5,0,875675
FT01215,T027,M01,L03,CL24,NA,8,2,3,3,875675
FT01216,T028,M01,L03,CL24,NA,8,7,1,0,875675
FT01217,T029,M01,L03,CL24,NA,8,0,2,6,875675
FT01218,T030,M01,L03,CL24,NA,8,7,0,1,875675
FT01219,T031,M01,L03,CL24,NA,8,2,4,2,875675
FT01220,T032,M01,L03,CL24,NA,8,2,3,3,875675
FT01221,T033,M01,L03,CL24,NA,8,4,3,1,875675
FT01222,T034,M01,L03,CL24,NA,8,4,3,1,875675
FT01223,T035,M01,L03,CL24,NA,8,4,4,0,875675
FT01224,T036,M01,L03,CL24,NA,8,3,3,2,875675
FT01225,T001,M01,L03,CL25,NA,8,5,3,0,745635
FT01226,T002,M01,L03,CL25,NA,8,5,1,2,745635
FT01227,T003,M01,L03,CL25,NA,8,6,2,0,745635
FT01228,T004,M01,L03,CL25,NA,8,2,4,2,745635
FT01229,T005,M01,L03,CL25,NA,8,3,2,3,745635
FT01230,T006,M01,L03,CL25,NA,8,4,1,3,745635
FT01231,T007,M01,L03,CL25,NA,8,5,3,0,745635
FT01232,T008,M01,L03,CL25,NA,8,7,0,1,745635
FT01233,T009,M01,L03,CL25,NA,8,7,1,0,745635
FT01234,T010,M01,L03,CL25,NA,8,7,0,1,745635
FT01235,T011,M01,L03,CL25,NA,8,7,0,1,745635
FT01236,T012,M01,L03,CL25,NA,8,5,2,1,745635
FT01237,T013,M01,L03,CL25,NA,8,3,3,2,785674
FT01238,T014,M01,L03,CL25,NA,8,4,1,3,785674
FT01239,T015,M01,L03,CL25,NA,8,7,1,0,785674
FT01240,T016,M01,L03,CL25,NA,8,3,3,2,785674
FT01241,T017,M01,L03,CL25,NA,8,6,1,1,785674
FT01242,T018,M01,L03,CL25,NA,8,6,2,0,785674
FT01243,T019,M01,L03,CL25,NA,8,1,3,4,785674
FT01244,T020,M01,L03,CL25,NA,8,1,3,4,785674
FT01245,T021,M01,L03,CL25,NA,8,3,3,2,785674
FT01246,T022,M01,L03,CL25,NA,8,8,0,0,785674
FT01247,T023,M01,L03,CL25,NA,8,5,2,1,785674
FT01248,T024,M01,L03,CL25,NA,8,7,0,1,785674
FT01249,T025,M01,L03,CL25,NA,8,0,3,5,573535
FT01250,T026,M01,L03,CL25,NA,8,4,2,2,573535
FT01251,T027,M01,L03,CL25,NA,8,2,3,3,573535
FT01252,T028,M01,L03,CL25,NA,8,1,1,6,573535
FT01253,T029,M01,L03,CL25,NA,8,5,2,1,573535
FT01254,T030,M01,L03,CL25,NA,8,2,3,3,573535
FT01255,T031,M01,L03,CL25,NA,8,7,0,1,573535
FT01256,T032,M01,L03,CL25,NA,8,6,1,1,573535
FT01257,T033,M01,L03,CL25,NA,8,3,3,2,573535
FT01258,T034,M01,L03,CL25,NA,8,4,1,3,573535
FT01259,T035,M01,L03,CL25,NA,8,7,0,1,573535
FT01260,T036,M01,L03,CL25,NA,8,0,3,5,573535
FT01261,T001,M01,L02,CL26,NA,8,2,4,2,568647
FT01262,T002,M01,L02,CL26,NA,8,3,3,2,568647
FT01263,T003,M01,L02,CL26,NA,8,3,3,2,568647
FT01264,T004,M01,L02,CL26,NA,8,0,6,2,568647
FT01265,T005,M01,L02,CL26,NA,8,6,1,1,568647
FT01266,T006,M01,L02,CL26,NA,8,5,2,3,568647
FT01267,T007,M01,L02,CL26,NA,8,1,6,1,568647
FT01268,T008,M01,L02,CL26,NA,8,4,4,0,568647
FT01269,T009,M01,L02,CL26,NA,8,0,8,0,568647
FT01270,T010,M01,L02,CL26,NA,8,2,3,3,568647
FT01271,T011,M01,L02,CL26,NA,8,1,5,2,568647
FT01272,T012,M01,L02,CL26,NA,8,8,0,0,568647
FT01273,T013,M01,L02,CL26,NA,8,2,4,2,657677
FT01274,T014,M01,L02,CL26,NA,8,6,2,0,657677
FT01275,T015,M01,L02,CL26,NA,8,5,0,3,657677
FT01276,T016,M01,L02,CL26,NA,8,1,3,4,657677
FT01277,T017,M01,L02,CL26,NA,8,2,4,2,657677
FT01278,T018,M01,L02,CL26,NA,8,7,0,1,657677
FT01279,T019,M01,L02,CL26,NA,8,3,4,1,657677
FT01280,T020,M01,L02,CL26,NA,8,0,4,4,657677
FT01281,T021,M01,L02,CL26,NA,8,1,3,4,657677
FT01282,T022,M01,L02,CL26,NA,8,1,0,7,657677
FT01283,T023,M01,L02,CL26,NA,8,3,3,2,657677
FT01284,T024,M01,L02,CL26,NA,8,5,2,1,657677
FT01285,T025,M01,L02,CL26,NA,8,2,2,4,764576
FT01286,T026,M01,L02,CL26,NA,8,6,1,1,764576
FT01287,T027,M01,L02,CL26,NA,8,4,1,3,764576
FT01288,T028,M01,L02,CL26,NA,8,4,4,0,764576
FT01289,T029,M01,L02,CL26,NA,8,2,5,1,764576
FT01290,T030,M01,L02,CL26,NA,8,0,8,0,764576
FT01291,T031,M01,L02,CL26,NA,8,2,2,2,764576
FT01292,T032,M01,L02,CL26,NA,8,0,8,0,764576
FT01293,T033,M01,L02,CL26,NA,8,2,2,4,764576
FT01294,T034,M01,L02,CL26,NA,8,7,0,1,764576
FT01295,T035,M01,L02,CL26,NA,8,2,4,2,764576
FT01296,T036,M01,L02,CL26,NA,8,3,3,2,764576
FT01297,T001,M01,L03,CL29,NA,8,4,1,3,634633
FT01298,T002,M01,L03,CL29,NA,8,7,0,1,634633
FT01299,T003,M01,L03,CL29,NA,8,4,1,3,634633
FT01300,T004,M01,L03,CL29,NA,8,1,2,5,634633
FT01301,T005,M01,L03,CL29,NA,8,0,5,3,634633
FT01302,T006,M01,L03,CL29,NA,8,8,0,0,634633
FT01303,T007,M01,L03,CL29,NA,8,3,3,2,634633
FT01304,T008,M01,L03,CL29,NA,8,4,3,1,634633
FT01305,T009,M01,L03,CL29,NA,8,7,0,1,634633
FT01306,T010,M01,L03,CL29,NA,8,0,7,1,634633
FT01307,T011,M01,L03,CL29,NA,8,2,5,1,634633
FT01308,T012,M01,L03,CL29,NA,8,1,5,2,634633
FT01309,T013,M01,L03,CL29,NA,8,4,3,1,674576
FT01310,T014,M01,L03,CL29,NA,8,3,3,2,674576
FT01311,T015,M01,L03,CL29,NA,8,8,0,0,674576
FT01312,T016,M01,L03,CL29,NA,8,2,3,3,674576
FT01313,T017,M01,L03,CL29,NA,8,7,1,0,674576
FT01314,T018,M01,L03,CL29,NA,8,2,3,3,674576
FT01315,T019,M01,L03,CL29,NA,8,6,1,1,674576
FT01316,T020,M01,L03,CL29,NA,8,2,2,4,674576
FT01317,T021,M01,L03,CL29,NA,8,6,0,2,674576
FT01318,T022,M01,L03,CL29,NA,8,4,3,1,674576
FT01319,T023,M01,L03,CL29,NA,8,4,2,2,674576
FT01320,T024,M01,L03,CL29,NA,8,2,3,3,674576
FT01321,T025,M01,L03,CL29,NA,8,1,3,4,568657
FT01322,T026,M01,L03,CL29,NA,8,7,1,0,568657
FT01323,T027,M01,L03,CL29,NA,8,4,1,3,568657
FT01324,T028,M01,L03,CL29,NA,8,4,2,2,568657
FT01325,T029,M01,L03,CL29,NA,8,6,1,1,568657
FT01326,T030,M01,L03,CL29,NA,8,6,1,1,568657
FT01327,T031,M01,L03,CL29,NA,8,6,2,0,568657
FT01328,T032,M01,L03,CL29,NA,8,4,1,3,568657
FT01329,T033,M01,L03,CL29,NA,8,3,2,3,568657
FT01330,T034,M01,L03,CL29,NA,8,7,0,1,568657
FT01331,T035,M01,L03,CL29,NA,8,5,3,0,568657
FT01332,T036,M01,L03,CL29,NA,8,6,2,0,568657
FT01333,T001,M01,L01,CL27,NA,8,6,1,1,634623
FT01334,T002,M01,L01,CL27,NA,8,3,3,2,634623
FT01335,T003,M01,L01,CL27,NA,8,1,5,2,634623
FT01336,T004,M01,L01,CL27,NA,8,2,5,1,634623
FT01337,T005,M01,L01,CL27,NA,8,1,5,2,634623
FT01338,T006,M01,L01,CL27,NA,8,3,2,3,634623
FT01339,T007,M01,L01,CL27,NA,8,4,1,3,634623
FT01340,T008,M01,L01,CL27,NA,8,7,1,0,634623
FT01341,T009,M01,L01,CL27,NA,8,1,5,2,634623
FT01342,T010,M01,L01,CL27,NA,8,7,0,1,634623
FT01343,T011,M01,L01,CL27,NA,8,2,3,3,634623
FT01344,T012,M01,L01,CL27,NA,8,4,1,3,634623
FT01345,T013,M01,L01,CL27,NA,8,7,0,1,745635
FT01346,T014,M01,L01,CL27,NA,8,2,3,3,745635
FT01347,T015,M01,L01,CL27,NA,8,3,2,3,745635
FT01348,T016,M01,L01,CL27,NA,8,5,3,0,745635
FT01349,T017,M01,L01,CL27,NA,8,0,3,5,745635
FT01350,T018,M01,L01,CL27,NA,8,8,0,0,745635
FT01351,T019,M01,L01,CL27,NA,8,4,4,0,745635
FT01352,T020,M01,L01,CL27,NA,8,5,2,1,745635
FT01353,T021,M01,L01,CL27,NA,8,6,1,1,745635
FT01354,T022,M01,L01,CL27,NA,8,4,3,1,745635
FT01355,T023,M01,L01,CL27,NA,8,3,3,2,745635
FT01356,T024,M01,L01,CL27,NA,8,4,1,3,745635
FT01357,T025,M01,L01,CL27,NA,8,3,3,2,879676
FT01358,T026,M01,L01,CL27,NA,8,3,3,2,879676
FT01359,T027,M01,L01,CL27,NA,8,4,3,1,879676
FT01360,T028,M01,L01,CL27,NA,8,3,0,5,879676
FT01361,T029,M01,L01,CL27,NA,8,4,2,2,879676
FT01362,T030,M01,L01,CL27,NA,8,6,2,0,879676
FT01363,T031,M01,L01,CL27,NA,8,6,2,0,879676
FT01364,T032,M01,L01,CL27,NA,8,7,0,1,879676
FT01365,T033,M01,L01,CL27,NA,8,2,4,2,879676
FT01366,T034,M01,L01,CL27,NA,8,1,3,4,879676
FT01367,T035,M01,L01,CL27,NA,8,5,3,0,879676
FT01368,T036,M01,L01,CL27,NA,8,4,4,0,879676
FT01369,T001,M01,L01,CL28,NA,8,4,2,2,456346
FT01370,T002,M01,L01,CL28,NA,8,1,6,1,456346
FT01371,T003,M01,L01,CL28,NA,8,7,0,1,456346
FT01372,T004,M01,L01,CL28,NA,8,5,1,2,456346
FT01373,T005,M01,L01,CL28,NA,8,3,2,3,456346
FT01374,T006,M01,L01,CL28,NA,8,4,2,2,456346
FT01375,T007,M01,L01,CL28,NA,8,0,8,0,456346
FT01376,T008,M01,L01,CL28,NA,8,3,2,3,456346
FT01377,T009,M01,L01,CL28,NA,8,3,3,2,456346
FT01378,T010,M01,L01,CL28,NA,8,2,3,3,456346
FT01379,T011,M01,L01,CL28,NA,8,3,4,1,456346
FT01380,T012,M01,L01,CL28,NA,8,0,5,3,456346
FT01381,T013,M01,L01,CL28,NA,8,6,1,1,785674
FT01382,T014,M01,L01,CL28,NA,8,1,6,1,785674
FT01383,T015,M01,L01,CL28,NA,8,2,4,2,785674
FT01384,T016,M01,L01,CL28,NA,8,3,4,1,785674
FT01385,T017,M01,L01,CL28,NA,8,2,3,3,785674
FT01386,T018,M01,L01,CL28,NA,8,2,3,3,785674
FT01387,T019,M01,L01,CL28,NA,8,3,3,2,785674
FT01388,T020,M01,L01,CL28,NA,8,1,3,4,785674
FT01389,T021,M01,L01,CL28,NA,8,5,3,0,785674
FT01390,T022,M01,L01,CL28,NA,8,5,3,0,785674
FT01391,T023,M01,L01,CL28,NA,8,6,2,0,785674
FT01392,T024,M01,L01,CL28,NA,8,2,2,4,785674
FT01393,T025,M01,L01,CL28,NA,8,4,2,0,457356
FT01394,T026,M01,L01,CL28,NA,8,2,2,4,457356
FT01395,T027,M01,L01,CL28,NA,8,7,1,0,457356
FT01396,T028,M01,L01,CL28,NA,8,0,4,4,457356
FT01397,T029,M01,L01,CL28,NA,8,7,0,1,457356
FT01398,T030,M01,L01,CL28,NA,8,3,3,2,457356
FT01399,T031,M01,L01,CL28,NA,8,7,0,1,457356
FT01400,T032,M01,L01,CL28,NA,8,2,4,2,457356
FT01401,T033,M01,L01,CL28,NA,8,1,3,4,457356
FT01402,T034,M01,L01,CL28,NA,8,7,1,0,457356
FT01403,T035,M01,L01,CL28,NA,8,3,3,2,457356
FT01404,T036,M01,L01,CL28,NA,8,5,1,2,457356
FT01405,T001,M01,L01,CL30,NA,8,5,1,2,645634
FT01406,T002,M01,L01,CL30,NA,8,0,5,3,645634
FT01407,T003,M01,L01,CL30,NA,8,5,1,2,645634
FT01408,T004,M01,L01,CL30,NA,8,1,5,2,645634
FT01409,T005,M01,L01,CL30,NA,8,2,3,3,645634
FT01410,T006,M01,L01,CL30,NA,8,1,5,2,645634
FT01411,T007,M01,L01,CL30,NA,8,2,3,3,645634
FT01412,T008,M01,L01,CL30,NA,8,1,6,1,645634
FT01413,T009,M01,L01,CL30,NA,8,5,2,1,645634
FT01414,T010,M01,L01,CL30,NA,8,1,5,2,645634
FT01415,T011,M01,L01,CL30,NA,8,4,4,0,645634
FT01416,T012,M01,L01,CL30,NA,8,2,3,3,645634
FT01417,T013,M01,L01,CL30,NA,8,5,3,0,756734
FT01418,T014,M01,L01,CL30,NA,8,5,1,2,756734
FT01419,T015,M01,L01,CL30,NA,8,1,3,4,756734
FT01420,T016,M01,L01,CL30,NA,8,1,5,2,756734
FT01421,T017,M01,L01,CL30,NA,8,6,1,1,756734
FT01422,T018,M01,L01,CL30,NA,8,4,2,2,756734
FT01423,T019,M01,L01,CL30,NA,8,2,3,3,756734
FT01424,T020,M01,L01,CL30,NA,8,0,6,2,756734
FT01425,T021,M01,L01,CL30,NA,8,2,3,3,756734
FT01426,T022,M01,L01,CL30,NA,8,8,0,0,756734
FT01427,T023,M01,L01,CL30,NA,8,5,2,1,756734
FT01428,T024,M01,L01,CL30,NA,8,7,1,0,756734
FT01429,T025,M01,L01,CL30,NA,8,2,3,3,647463
FT01430,T026,M01,L01,CL30,NA,8,4,3,1,647463
FT01431,T027,M01,L01,CL30,NA,8,4,3,1,647463
FT01432,T028,M01,L01,CL30,NA,8,7,1,0,647463
FT01433,T029,M01,L01,CL30,NA,8,1,4,3,647463
FT01434,T030,M01,L01,CL30,NA,8,5,1,2,647463
FT01435,T031,M01,L01,CL30,NA,8,4,3,1,647463
FT01436,T032,M01,L01,CL30,NA,8,6,1,1,647463
FT01437,T033,M01,L01,CL30,NA,8,3,3,2,647463
FT01438,T034,M01,L01,CL30,NA,8,3,3,2,647463
FT01439,T035,M01,L01,CL30,NA,8,7,1,0,647463
FT01440,T036,M01,L01,CL30,NA,8,3,3,2,647463
